,var1,var2,var3,var5,var6,var4,target
0,509.18,417.681,0.3965725835878012,393.0,0.0,138.0,0
1,446.06,666.182,0.2326762336841117,352.05,1.0,81.0,0
2,235.5,398.097,0.3115337142099755,339.0,0.0,90.0,1
3,306.02,518.163,0.4653593706423083,439.25,1.0,102.0,0
4,453.08,600.156,0.0013723708880647,422.95,0.0,105.0,0
5,211.72,506.716,0.9270475801263024,310.6,0.0,111.0,1
6,401.42,627.294,0.6958099887614698,390.05,0.0,78.0,0
7,498.9,525.207,0.4633422339547201,408.75,1.0,129.0,0
8,257.9,651.209,0.9277365268799688,280.2,0.0,147.0,1
9,283.04,467.801,0.4615611892408331,272.35,1.0,69.0,1
10,333.72,188.193,0.4619505338992178,289.3,1.0,90.0,1
11,440.16,703.248,0.186229901117502,341.25,1.0,87.0,0
12,450.46,654.968,0.2326762336841117,412.9,0.0,114.0,0
13,451.52,634.303,0.3101144010581339,338.55,0.0,75.0,0
14,230.74,575.947,0.6976862986577275,260.85,0.0,132.0,1
15,461.86,612.276,0.5540396579289626,397.85,1.0,93.0,0
16,210.0,441.743,0.1856235175218903,310.3,1.0,132.0,1
17,374.06,772.204,0.6976862986577275,343.4,0.0,102.0,0
18,231.82,498.228,0.3733340328651073,257.9,1.0,99.0,1
19,398.58,541.062,0.396648322366332,391.2,1.0,69.0,0
20,247.72,404.685,0.462894901794023,223.6,0.0,138.0,1
21,449.8,712.224,0.4625345508867947,379.0,1.0,108.0,0
22,209.56,436.621,0.554341192940988,297.95,0.0,126.0,1
23,367.7,747.807,0.0086953640372555,350.2,0.0,93.0,0
24,281.54,721.963,0.6155235305000456,271.85,1.0,114.0,1
25,340.26,549.524,0.5597489417280829,433.9,0.0,90.0,0
26,299.58,467.373,0.5275580673830556,183.65,0.0,102.0,1
27,505.54,534.313,0.4676664448414594,346.75,0.0,87.0,0
28,382.34,625.898,0.4683705787981124,440.2,0.0,135.0,0
29,342.48,644.108,0.4620140440207982,229.1,0.0,81.0,1
30,215.12,488.674,0.4620195666400661,289.1,0.0,138.0,1
31,373.96,485.372,0.395654250898116,379.2,1.0,63.0,0
32,301.58,432.419,0.9236801630277208,179.9,1.0,135.0,1
33,270.16,684.489,0.6155207691904118,343.0,1.0,99.0,1
34,402.52,730.493,0.4616688803165566,367.05,0.0,93.0,0
35,466.08,633.944,0.4653593706423083,406.05,1.0,108.0,0
36,258.02,356.848,0.6953253789207146,219.15,1.0,135.0,1
37,287.58,460.043,0.3754977950942574,218.35,0.0,159.0,1
38,470.02,608.795,0.0054646317655537,417.0,1.0,117.0,0
39,241.8,373.452,0.6930990730283559,291.1,1.0,87.0,1
40,404.24,510.151,0.5567170237500242,436.15,1.0,87.0,0
41,446.18,343.092,0.0064089996603589,406.1,0.0,159.0,0
42,469.62,544.292,0.3733340328651073,413.95,0.0,96.0,0
43,400.44,515.102,0.5597754503005686,176.65,1.0,96.0,1
44,436.34,483.761,0.4112519685836599,340.9,0.0,63.0,0
45,322.32,239.753,0.5601697653162943,274.6,1.0,162.0,1
46,281.66,391.326,0.8080075218074428,297.55,1.0,174.0,1
47,380.24,721.547,0.1849144132078962,353.05,1.0,84.0,0
48,391.38,397.997,0.9277365268799688,225.55,1.0,174.0,1
49,500.06,534.123,0.6171499418744322,407.55,1.0,123.0,0
50,443.02,688.62,0.462894901794023,372.65,0.0,90.0,0
51,258.62,523.366,0.560550826045777,224.9,1.0,147.0,1
52,449.64,697.583,0.3955240748725163,355.7,1.0,90.0,0
53,250.44,501.998,0.4633712277058764,215.1,1.0,132.0,1
54,273.28,434.449,0.1550337293971785,234.4,1.0,162.0,1
55,288.54,328.475,0.6958099887614698,231.85,1.0,156.0,1
56,401.18,675.161,0.310235898682027,379.15,1.0,81.0,0
57,419.82,469.641,0.0051912621117943,457.15,0.0,117.0,0
58,419.44,694.819,0.560550826045777,395.45,0.0,96.0,0
59,256.32,684.472,0.3102303760627591,339.7,1.0,129.0,1
60,398.5,567.351,0.4615611892408331,186.6,0.0,150.0,1
61,330.54,780.929,0.6176083192736651,330.7,1.0,123.0,0
62,278.02,602.49,0.3754977950942574,230.65,1.0,93.0,1
63,494.62,666.991,0.4621037865839011,327.0,1.0,99.0,0
64,282.68,293.592,0.4620140440207982,237.4,1.0,93.0,1
65,461.56,569.093,0.0026729477256473,402.3,1.0,87.0,0
66,422.78,605.507,0.4112519685836599,329.5,1.0,66.0,0
67,457.56,500.553,0.927308523886709,231.4,0.0,78.0,1
68,405.4,785.21,0.4647256500813206,339.25,0.0,123.0,1
69,265.32,304.875,0.6161006442135376,222.3,0.0,126.0,1
70,445.82,705.106,0.3700072070181446,387.35,0.0,108.0,0
71,254.02,557.876,0.4625345508867947,223.2,1.0,108.0,1
72,472.38,530.589,0.1921479399249476,366.9,0.0,75.0,0
73,241.26,433.861,0.6932668225886174,221.65,1.0,123.0,1
74,254.52,463.392,0.3694339591381401,280.05,1.0,78.0,1
75,512.78,580.377,0.3955240748725163,332.35,0.0,93.0,0
76,496.38,562.166,0.4615611892408331,405.55,0.0,117.0,0
77,420.78,656.202,0.0,387.2,1.0,84.0,0
78,216.06,473.144,0.4621037865839011,267.7,1.0,117.0,1
79,255.3,676.823,0.9277365268799688,276.6,1.0,129.0,1
80,229.7,535.499,0.6157223447936888,281.0,0.0,147.0,1
81,341.8,639.365,0.2318064211494227,421.25,0.0,96.0,0
82,377.12,563.948,0.4648167732992404,189.35,0.0,156.0,1
83,305.72,466.938,0.6155207691904118,176.7,1.0,135.0,1
84,336.54,434.501,0.6195854169715614,212.2,1.0,168.0,1
85,336.82,256.827,0.5549873393953284,336.3,0.0,171.0,1
86,340.08,368.842,0.9270475801263024,177.45,1.0,141.0,1
87,320.98,369.135,0.4674676305478163,174.8,0.0,126.0,1
88,374.72,623.364,0.3690396441224144,420.4,0.0,90.0,0
89,231.82,616.525,0.9391628261451844,283.2,1.0,114.0,1
90,457.52,626.675,0.3102303760627591,408.05,1.0,99.0,0
91,264.76,543.247,0.9239411067881276,214.15,0.0,102.0,1
92,357.5,652.802,0.4619505338992178,352.2,0.0,72.0,0
93,349.1,283.573,0.5541953957923165,210.25,0.0,153.0,1
94,244.9,435.737,0.9270475801263024,241.3,0.0,150.0,1
95,439.58,609.539,0.6950975708759151,207.35,1.0,93.0,1
96,266.36,489.131,0.5546427279530136,203.35,1.0,105.0,1
97,274.48,633.63,0.4669623108848065,223.9,0.0,135.0,1
98,404.32,568.847,0.6185250740721311,332.45,1.0,60.0,0
99,534.02,514.733,0.6149685072636251,338.2,0.0,105.0,0
100,415.06,355.219,0.4620195666400661,404.95,0.0,78.0,0
101,224.38,602.235,0.6950975708759151,309.4,0.0,126.0,1
102,291.46,483.352,0.9265381184988416,196.5,1.0,96.0,1
103,430.08,664.12,0.6178292240443798,406.85,1.0,99.0,0
104,258.32,533.368,0.4724131361021906,227.4,0.0,147.0,1
105,313.08,270.864,0.3705307513247384,238.3,1.0,87.0,1
106,385.7,622.049,0.1921479399249476,429.2,0.0,96.0,0
107,474.78,692.857,0.5601697653162943,358.8,1.0,105.0,0
108,462.74,620.534,0.3712994999268253,351.45,0.0,78.0,0
109,272.36,485.544,0.308786211124212,204.4,0.0,99.0,1
110,218.08,415.476,0.5541953957923165,272.75,1.0,132.0,1
111,426.72,679.388,0.3694339591381401,414.35,1.0,111.0,0
112,309.86,224.56,0.4686273805940682,238.7,0.0,99.0,1
113,350.28,688.77,0.316680795367627,418.3,1.0,114.0,0
114,240.12,570.098,0.6206954634444024,249.05,0.0,105.0,1
115,317.12,423.625,0.6169345597229855,256.9,1.0,177.0,1
116,462.42,738.845,0.3119920916092085,340.55,1.0,114.0,0
117,382.52,147.755,0.6155594275252867,263.35,1.0,132.0,1
118,467.86,432.996,0.3459071868605843,424.05,0.0,96.0,0
119,234.6,413.358,0.6161144507617073,325.75,1.0,87.0,1
120,339.0,712.284,0.2640273543221794,360.4,1.0,87.0,0
121,225.44,364.249,0.395654250898116,345.75,1.0,138.0,1
122,247.44,527.233,0.4748651790571233,221.65,0.0,111.0,1
123,312.72,248.529,0.5536188343407512,209.1,1.0,123.0,1
124,478.44,561.134,0.3118485035082439,388.15,1.0,87.0,0
125,424.76,703.772,0.1857063568109082,367.85,1.0,90.0,0
126,407.68,683.49,0.2327714988664824,347.5,1.0,78.0,0
127,450.1,605.14,0.0011072851632072,337.35,0.0,72.0,0
128,247.6,260.24,0.6149685072636251,346.0,1.0,126.0,1
129,369.88,533.096,0.3091313748284536,304.55,1.0,57.0,1
130,452.22,644.478,0.7911195493227099,417.35,1.0,117.0,0
131,409.12,676.862,0.3705307513247384,417.65,1.0,108.0,0
132,361.76,601.884,0.6161144507617073,419.45,0.0,84.0,0
133,497.02,596.832,0.923850811963098,334.0,1.0,87.0,1
134,420.52,576.694,0.3459071868605843,430.95,0.0,93.0,0
135,308.46,322.524,0.8080075218074428,281.95,1.0,174.0,1
136,246.44,349.037,0.9240750303053734,234.2,1.0,135.0,1
137,343.24,722.709,0.931574747271136,252.6,1.0,93.0,1
138,438.98,712.967,0.3955240748725163,375.75,0.0,99.0,0
139,467.22,631.097,0.4647256500813206,369.4,1.0,87.0,0
140,477.98,545.416,0.184881277492289,413.65,0.0,99.0,0
141,495.8,640.216,0.3700569105915554,378.25,0.0,117.0,0
142,242.56,536.478,0.9240750303053734,228.1,1.0,129.0,1
143,473.92,530.425,0.1849144132078962,379.7,0.0,81.0,0
144,269.2,255.988,0.461403794591699,240.15,0.0,120.0,1
145,212.08,495.254,0.7911195493227099,295.65,0.0,132.0,1
146,383.56,522.617,0.3102303760627591,428.85,0.0,81.0,0
147,223.42,556.059,0.1855903818062831,275.65,1.0,135.0,1
148,388.46,733.923,0.3697653162942121,398.0,1.0,117.0,0
149,346.1,525.812,0.6945094119238873,195.95,1.0,162.0,1
150,253.94,436.985,0.9345072581023728,374.35,1.0,156.0,1
151,522.04,445.594,0.6169345597229855,385.35,1.0,120.0,0
152,227.38,586.777,0.3095842296084187,337.95,1.0,135.0,1
153,269.76,387.453,0.9373652135734936,200.75,0.0,114.0,1
154,417.52,646.986,0.554294802939138,409.75,0.0,93.0,0
155,324.16,275.084,0.6594192808050717,194.65,1.0,117.0,1
156,492.88,647.751,0.6161006442135376,374.2,0.0,111.0,0
157,257.96,521.774,0.461403794591699,207.3,0.0,126.0,1
158,239.68,413.563,0.4643445893518378,286.75,1.0,87.0,1
159,500.72,331.472,0.4625552607090492,262.8,0.0,93.0,1
160,345.66,535.755,0.4653593706423083,188.4,0.0,156.0,1
161,292.38,705.756,0.4633712277058764,379.0,0.0,114.0,0
162,243.14,386.412,0.3991642699156499,264.2,0.0,153.0,1
163,463.82,571.96,0.4743971370741716,405.85,0.0,90.0,0
164,400.56,640.086,0.4641830527382528,402.55,0.0,84.0,0
165,215.84,392.115,0.4629446053674337,315.9,1.0,135.0,1
166,254.14,563.669,0.923850811963098,401.55,1.0,132.0,1
167,366.96,642.878,0.1867766404250208,397.6,0.0,81.0,0
168,334.82,611.613,0.4629446053674337,413.45,0.0,87.0,0
169,429.06,617.719,0.0013723708880647,423.95,1.0,99.0,0
170,231.2,492.064,0.6155235305000456,246.05,1.0,138.0,1
171,295.5,437.789,0.6953253789207146,428.65,0.0,96.0,1
172,223.88,448.937,0.4686108127362646,266.5,1.0,102.0,1
173,336.0,631.001,0.9373652135734936,222.45,0.0,159.0,1
174,295.22,332.938,0.2309490345080865,261.75,0.0,75.0,1
175,344.2,725.249,0.4634250732437381,392.7,1.0,105.0,0
176,394.66,581.519,0.2327135113641698,388.0,0.0,72.0,0
177,416.42,428.614,0.6930990730283559,173.9,0.0,144.0,1
178,499.62,665.228,0.6930990730283559,354.6,0.0,117.0,0
179,280.3,612.29,0.4112519685836599,359.5,0.0,162.0,1
180,234.7,464.731,0.9239411067881276,286.2,0.0,156.0,1
181,331.12,421.916,0.2641575303477791,167.6,1.0,129.0,1
182,238.6,627.226,0.7911195493227099,311.55,1.0,141.0,1
183,285.34,575.87,0.4703380119122898,194.7,0.0,123.0,1
184,404.5,509.837,0.184881277492289,348.1,0.0,60.0,0
185,277.74,636.49,0.6176083192736651,218.25,1.0,117.0,1
186,482.72,505.064,0.4643155956006816,349.3,1.0,75.0,0
187,218.58,373.348,0.2360477927471441,284.45,0.0,111.0,1
188,221.86,593.979,0.2318064211494227,310.7,0.0,123.0,1
189,512.8,521.4,0.4633712277058764,368.6,0.0,96.0,0
190,407.8,240.789,0.2640273543221794,202.35,1.0,114.0,1
191,257.24,530.418,0.9236801630277208,209.3,0.0,117.0,1
192,450.94,667.738,0.2333348060318047,409.5,1.0,123.0,0
193,396.9,606.376,0.2641575303477791,298.05,0.0,63.0,0
194,277.1,490.3,0.4670451501738245,218.85,0.0,156.0,1
195,353.96,603.334,0.3710609227744535,333.15,1.0,180.0,1
196,216.2,420.789,0.6155207691904118,277.3,1.0,111.0,1
197,282.26,588.471,0.5536188343407512,333.85,1.0,75.0,1
198,393.42,615.263,0.3180062239919149,365.9,0.0,69.0,0
199,303.9,341.272,0.6152032185825094,330.05,1.0,69.0,1
200,477.16,677.148,0.2360477927471441,369.75,1.0,105.0,0
201,428.16,666.368,0.2318892604384407,400.45,1.0,93.0,0
202,334.52,723.306,0.6166473835210563,386.75,1.0,102.0,0
203,250.22,349.423,0.3733340328651073,397.55,0.0,117.0,1
204,465.56,500.387,0.0064504193048679,428.9,1.0,102.0,0
205,407.48,642.679,0.2327714988664824,365.95,0.0,75.0,0
206,309.5,499.427,0.3700569105915554,174.3,1.0,114.0,1
207,216.54,487.589,0.6155594275252867,333.45,1.0,105.0,1
208,404.36,611.423,0.7381218124131913,208.65,0.0,84.0,1
209,429.48,662.695,0.0,401.95,1.0,93.0,0
210,289.06,473.389,0.9349214545474628,181.85,0.0,120.0,1
211,466.72,465.001,0.3459071868605843,432.65,1.0,138.0,0
212,387.2,582.879,0.3710609227744535,435.9,1.0,93.0,0
213,435.32,565.938,0.1849144132078962,394.2,0.0,78.0,0
214,482.06,465.579,0.4650901429529998,361.15,0.0,75.0,0
215,375.9,419.208,0.6945094119238873,277.75,1.0,57.0,0
216,218.44,373.453,0.4616688803165566,338.45,1.0,132.0,1
217,250.54,353.493,0.6594192808050717,225.4,1.0,114.0,1
218,223.18,458.005,0.6152032185825094,249.2,1.0,117.0,1
219,336.3,670.809,0.0,388.3,1.0,87.0,0
220,324.06,427.602,0.8080075218074428,446.85,0.0,102.0,0
221,462.98,608.433,0.0,329.0,0.0,75.0,0
222,418.5,632.969,0.3082367105070593,390.55,0.0,81.0,0
223,318.1,697.849,0.3744010029076591,315.2,1.0,81.0,1
224,328.5,664.298,0.6956484521478847,280.8,0.0,75.0,1
225,264.14,344.181,0.4621037865839011,225.85,0.0,144.0,1
226,274.56,425.812,0.4683705787981124,192.6,0.0,114.0,1
227,439.44,332.392,0.6161006442135376,406.45,1.0,84.0,0
228,439.5,575.187,0.6157223447936888,372.7,1.0,72.0,0
229,437.22,421.629,0.4620140440207982,328.85,0.0,63.0,0
230,274.86,700.533,0.6171499418744322,316.8,1.0,144.0,1
231,216.5,389.874,0.695594606610023,301.95,0.0,135.0,1
232,355.56,502.16,0.0054977674811609,446.7,0.0,96.0,0
233,423.74,560.674,0.4620140440207982,355.0,1.0,66.0,0
234,299.34,595.5,0.3712994999268253,278.95,1.0,72.0,1
235,389.66,482.466,0.6161006442135376,173.3,1.0,96.0,1
236,316.1,722.1,0.2322454693812181,328.25,1.0,90.0,0
237,458.38,711.571,0.186229901117502,379.05,1.0,120.0,0
238,311.6,762.47,0.2327714988664824,336.4,0.0,129.0,1
239,472.58,547.74,0.2323490184924906,422.65,1.0,105.0,0
240,391.86,601.518,0.6155235305000456,432.9,0.0,96.0,0
241,306.24,714.556,0.6932668225886174,298.2,0.0,153.0,1
242,278.84,726.844,0.4673599394720929,283.3,1.0,126.0,1
243,445.5,656.535,0.0036642578842293,367.3,0.0,84.0,0
244,375.52,702.256,0.3694339591381401,416.3,0.0,120.0,0
245,221.32,577.39,0.4643155956006816,286.0,1.0,126.0,1
246,476.9,698.697,0.0035427602603362,330.85,1.0,99.0,0
247,462.56,710.552,0.6930990730283559,373.05,0.0,114.0,0
248,502.16,675.119,0.0010078780163856,297.6,0.0,132.0,0
249,270.48,674.31,0.931574747271136,281.5,0.0,147.0,1
250,406.88,755.606,0.0009979373017034,350.25,1.0,99.0,0
251,442.36,658.164,0.2323490184924906,417.75,0.0,117.0,0
252,381.9,657.735,0.6177298168975582,188.7,1.0,120.0,1
253,291.7,325.936,0.4619505338992178,199.3,1.0,108.0,1
254,423.74,438.705,0.6931964091929521,443.6,0.0,96.0,0
255,506.96,531.853,0.554341192940988,391.75,1.0,138.0,0
256,432.0,704.49,0.6151645602476343,399.85,1.0,132.0,0
257,414.54,550.151,0.2327714988664824,391.85,1.0,72.0,0
258,289.54,547.557,0.6257376148359645,212.55,0.0,90.0,1
259,389.12,662.626,0.3744010029076591,426.85,0.0,108.0,0
260,488.68,567.298,0.6155594275252867,384.95,0.0,93.0,0
261,329.66,326.357,0.2640273543221794,207.45,1.0,156.0,1
262,297.86,312.159,0.4641830527382528,196.7,1.0,129.0,1
263,248.76,659.538,0.5539634457830661,278.0,0.0,132.0,1
264,435.36,704.926,0.2641575303477791,397.7,0.0,132.0,0
265,270.62,670.502,0.6931964091929521,257.5,1.0,102.0,1
266,216.3,377.132,0.6157223447936888,284.95,1.0,120.0,1
267,250.92,257.391,0.7911195493227099,269.6,0.0,123.0,1
268,236.78,310.875,1.0000000000000002,273.5,0.0,108.0,1
269,413.58,608.456,0.3459071868605843,397.2,1.0,78.0,0
270,240.74,424.157,0.6161006442135376,258.15,0.0,153.0,1
271,265.42,528.02,0.6304539316907223,224.8,0.0,150.0,1
272,445.44,593.41,0.3715944077957294,417.4,0.0,93.0,0
273,211.88,475.754,0.4668794715957886,291.05,1.0,111.0,1
274,227.06,326.89,0.3101254462966696,280.7,0.0,114.0,1
275,381.9,717.275,0.0049096085291331,354.5,1.0,84.0,0
276,345.62,616.18,0.465247537602134,359.45,0.0,69.0,0
277,508.1,493.255,0.3715944077957294,386.0,0.0,99.0,0
278,461.54,504.684,0.0008698125346889,383.8,0.0,75.0,0
279,409.64,697.182,0.5536188343407512,378.2,0.0,87.0,0
280,494.02,567.255,0.461403794591699,349.75,1.0,84.0,0
281,451.94,668.617,0.1856235175218903,343.6,1.0,81.0,0
282,283.78,457.165,0.4112519685836599,187.35,0.0,132.0,1
283,291.92,313.434,0.6178292240443798,199.25,1.0,114.0,1
284,397.58,634.292,0.3701099277365269,396.1,0.0,81.0,0
285,270.36,332.581,0.6171499418744322,237.65,1.0,90.0,1
286,276.7,713.925,0.6155594275252867,349.5,1.0,129.0,1
287,435.7,651.722,0.3690396441224144,384.05,0.0,84.0,0
288,246.56,567.595,0.5571709830538428,302.65,1.0,87.0,1
289,225.04,578.06,0.5539634457830661,278.55,0.0,111.0,1
290,331.3,524.162,0.3082367105070593,406.6,1.0,75.0,0
291,316.58,581.143,0.0037360519347115,436.75,0.0,105.0,0
292,416.1,662.257,0.4625552607090492,393.4,1.0,87.0,0
293,287.88,744.452,0.5601697653162943,312.1,1.0,114.0,1
294,268.84,677.822,0.3991642699156499,256.5,0.0,135.0,1
295,255.64,630.061,0.462894901794023,250.9,0.0,105.0,1
296,335.34,526.918,0.0010078780163856,390.9,1.0,69.0,0
297,467.12,731.045,0.6155594275252867,336.8,1.0,111.0,0
298,432.98,611.721,0.4643321634584851,405.5,0.0,87.0,0
299,223.26,442.751,0.927308523886709,266.65,0.0,102.0,1
300,496.32,554.796,0.3082367105070593,407.9,1.0,123.0,0
301,451.16,738.9,0.3100426070076516,341.85,1.0,105.0,0
302,388.74,720.429,0.4619505338992178,390.75,1.0,99.0,0
303,229.06,484.677,0.6213526551372784,239.5,1.0,126.0,1
304,270.5,617.571,0.5539634457830661,218.15,0.0,114.0,1
305,266.84,616.909,0.924218618406338,220.8,0.0,126.0,1
306,236.32,491.017,0.7427409311688349,233.3,1.0,135.0,1
307,472.16,657.564,0.465744573336242,385.25,1.0,102.0,0
308,270.48,677.813,0.6985188335123583,249.2,0.0,114.0,1
309,428.46,517.396,0.3991642699156499,397.6,1.0,72.0,0
310,416.04,700.128,0.1857063568109082,393.8,0.0,96.0,0
311,509.88,631.079,0.3965725835878012,315.55,0.0,102.0,0
312,455.44,642.643,0.6152032185825094,350.15,0.0,78.0,0
313,485.18,661.77,0.0013723708880647,338.8,1.0,93.0,0
314,255.12,553.17,0.4616688803165566,223.65,0.0,105.0,1
315,367.64,556.423,0.4620209472948831,349.4,0.0,60.0,0
316,463.9,507.117,0.6176083192736651,435.8,0.0,111.0,0
317,421.08,722.729,0.3965725835878012,370.1,1.0,96.0,0
318,244.62,284.952,0.5768382728560503,264.2,1.0,129.0,1
319,504.72,597.842,0.3102911248747056,321.2,1.0,90.0,0
320,316.84,662.917,0.0009979373017034,419.85,0.0,120.0,0
321,303.44,461.976,0.6149685072636251,178.3,1.0,135.0,1
322,273.18,687.378,0.4653593706423083,249.75,1.0,117.0,1
323,385.0,597.976,0.018677498363924,425.05,1.0,87.0,0
324,283.92,488.677,0.6950975708759151,220.75,0.0,84.0,1
325,304.98,492.7,0.4650901429529998,444.85,1.0,102.0,1
326,302.36,515.935,0.3965725835878012,177.75,1.0,123.0,1
327,261.68,386.454,0.4673599394720929,412.45,1.0,109.0,1
328,317.6,155.983,0.3118485035082439,323.15,0.0,115.0,1
329,465.08,606.384,0.0008698125346889,421.45,1.0,87.0,0
330,259.6,700.055,0.6976862986577275,324.4,0.0,115.0,1
331,332.38,779.887,0.4625345508867947,311.3,1.0,107.0,0
332,307.52,398.406,0.5541953957923165,423.65,1.0,107.0,1
333,226.24,516.369,0.5540396579289626,347.85,0.0,116.0,1
334,233.06,516.333,0.5768382728560503,359.3,1.0,115.0,1
335,443.06,701.791,0.2326762336841117,382.8,0.0,94.0,0
336,385.86,646.547,0.4683705787981124,429.2,0.0,98.0,0
337,447.86,734.748,0.5571709830538428,362.65,1.0,99.0,0
338,261.66,633.369,0.9238706933924624,387.8,0.0,115.0,1
339,331.24,338.131,0.3694339591381401,178.95,0.0,124.0,1
340,467.7,575.456,0.2309490345080865,325.35,1.0,98.0,0
341,359.64,657.048,0.4620195666400661,413.6,1.0,99.0,0
342,324.1,669.803,0.4620209472948831,393.8,1.0,103.0,1
343,457.62,472.586,0.462066508903843,381.0,0.0,100.0,0
344,284.42,402.438,0.4790154274369248,197.65,0.0,126.0,1
345,502.0,577.569,0.2318064211494227,360.05,1.0,94.0,0
346,464.42,567.358,0.0,411.5,1.0,88.0,0
347,328.04,769.842,0.2318892604384407,271.75,1.0,107.0,0
348,444.5,711.365,0.3701033005934055,383.5,1.0,95.0,0
349,250.24,640.113,0.6166473835210563,364.4,1.0,112.0,1
350,221.68,469.31,0.4620195666400661,296.8,1.0,119.0,1
351,430.36,619.221,0.4656948697628311,422.65,0.0,96.0,0
352,500.7,612.752,0.4686273805940682,360.95,0.0,97.0,0
353,381.5,665.74,0.2641575303477791,417.45,0.0,95.0,0
354,414.36,297.278,0.3701132413080877,422.25,1.0,100.0,1
355,396.48,573.304,0.0108160498361162,449.0,1.0,89.0,0
356,343.08,139.965,0.4643321634584851,342.9,0.0,115.0,1
357,319.2,256.039,0.924218618406338,411.9,1.0,115.0,1
358,416.46,631.153,0.3754977950942574,429.3,1.0,94.0,0
359,470.7,547.748,0.0049096085291331,384.35,0.0,91.0,0
360,298.4,396.16,0.5597754503005686,263.4,0.0,121.0,1
361,380.34,510.495,0.1867766404250208,327.65,0.0,104.0,0
362,425.58,632.749,0.5571709830538428,388.25,1.0,100.0,0
363,492.12,621.098,0.4670451501738245,378.55,1.0,95.0,0
364,435.58,732.071,0.3697653162942121,373.1,1.0,96.0,0
365,331.04,559.937,0.4643321634584851,179.9,0.0,122.0,1
366,437.6,504.395,0.0081486247297368,444.45,0.0,89.0,0
367,458.44,654.619,0.3119920916092085,409.9,1.0,92.0,0
368,392.34,778.717,0.395654250898116,334.15,0.0,102.0,0
369,260.8,566.817,0.3082367105070593,214.7,0.0,120.0,1
370,250.9,623.184,0.923506200520783,337.8,1.0,119.0,1
371,459.98,704.956,0.3701132413080877,369.45,0.0,96.0,0
372,403.16,613.895,0.396648322366332,421.85,1.0,96.0,0
373,468.46,557.644,0.0028551941614869,399.15,0.0,90.0,0
374,500.22,517.726,0.0011072851632072,392.9,0.0,89.0,0
375,443.96,577.375,0.004752213879999,435.45,0.0,88.0,0
376,428.84,639.764,0.3712994999268253,381.2,1.0,97.0,0
377,432.48,673.014,0.396648322366332,366.35,0.0,99.0,0
378,398.86,603.096,0.3697653162942121,360.2,1.0,101.0,0
379,417.16,713.846,0.5546427279530136,364.85,0.0,101.0,1
380,445.54,626.696,0.1855903818062831,413.4,0.0,92.0,0
381,240.5,491.585,0.6185250740721311,298.5,1.0,120.0,1
382,292.26,596.108,0.6185250740721311,199.8,0.0,124.0,1
383,395.32,771.436,0.6152032185825094,299.8,1.0,107.0,1
384,499.98,589.966,0.3101254462966696,258.25,1.0,103.0,0
385,453.48,597.616,0.4653386608200537,299.95,0.0,105.0,0
386,319.54,439.745,0.5567170237500242,177.45,1.0,125.0,1
387,391.08,158.791,0.6195854169715614,290.25,0.0,118.0,1
388,237.2,585.439,0.5554379851275864,263.5,0.0,121.0,1
389,425.16,302.28,0.5768382728560503,278.0,1.0,114.0,1
390,365.3,384.277,0.0135497463737101,379.6,1.0,99.0,0
391,371.7,746.233,0.4711456949802153,344.75,0.0,104.0,0
392,236.54,409.269,0.9236801630277208,260.65,0.0,130.0,1
393,329.26,667.848,0.2322454693812181,230.4,0.0,113.0,1
394,297.22,320.068,0.6266819827307696,274.4,1.0,122.0,1
395,357.84,616.01,0.5549873393953284,430.3,0.0,101.0,0
396,361.54,545.201,0.6166032025669135,454.85,1.0,100.0,0
397,434.2,694.287,0.4112519685836599,364.6,0.0,98.0,0
398,387.6,660.251,0.5275580673830556,398.6,0.0,101.0,0
399,372.74,686.15,0.308786211124212,403.6,1.0,97.0,0
400,385.2,793.323,0.4621037865839011,303.5,0.0,105.0,0
401,210.08,431.552,0.3697686298657728,316.85,0.0,118.0,1
402,273.88,566.941,0.4619505338992178,352.9,1.0,110.0,1
403,385.62,679.908,0.3701033005934055,384.15,1.0,98.0,0
404,283.16,561.299,0.6985188335123583,227.65,1.0,123.0,1
405,423.28,675.269,0.4629446053674337,382.95,1.0,98.0,0
406,439.96,464.228,0.1856235175218903,393.8,0.0,96.0,0
407,386.58,722.04,0.308786211124212,359.5,0.0,100.0,0
408,316.44,518.688,0.5540396579289626,178.05,1.0,124.0,1
409,409.58,648.28,0.3095842296084187,393.7,0.0,97.0,0
410,451.98,403.455,0.2360477927471441,370.3,1.0,98.0,0
411,251.88,352.54,0.5549873393953284,307.85,0.0,121.0,1
412,453.28,670.333,0.3697686298657728,342.35,1.0,98.0,0
413,282.72,663.49,0.1921479399249476,225.25,1.0,114.0,1
414,469.44,623.308,0.4648167732992404,396.8,0.0,96.0,0
415,281.34,364.972,0.4661504858524301,194.8,0.0,126.0,1
416,477.26,529.682,0.5275580673830556,364.2,1.0,100.0,0
417,227.5,594.198,0.6165976799476456,274.8,0.0,122.0,1
418,240.92,547.874,0.9236801630277208,316.3,0.0,123.0,1
419,462.96,736.09,0.6206954634444024,345.55,0.0,101.0,0
420,500.64,610.676,0.695594606610023,360.95,0.0,101.0,0
421,362.22,564.57,0.554341192940988,382.45,1.0,105.0,0
422,240.12,608.034,0.6958099887614698,266.9,0.0,123.0,1
423,216.32,499.956,0.4620195666400661,354.6,0.0,115.0,1
424,439.82,680.169,0.3180062239919149,402.75,1.0,93.0,0
425,221.36,471.605,0.3955240748725163,369.45,1.0,112.0,1
426,322.58,504.57,0.3700569105915554,188.25,0.0,121.0,1
427,295.28,524.009,0.310235898682027,182.2,0.0,122.0,1
428,323.54,514.632,0.3701033005934055,200.05,1.0,119.0,1
429,301.66,594.484,0.5554379851275864,205.8,0.0,122.0,1
430,213.72,433.137,0.923506200520783,301.15,1.0,127.0,1
431,409.72,575.196,0.6165976799476456,402.35,1.0,101.0,0
432,442.42,726.834,0.4748651790571233,345.0,0.0,100.0,0
433,323.16,480.989,0.3697686298657728,200.2,1.0,120.0,1
434,444.52,520.792,0.395654250898116,445.0,0.0,94.0,0
435,324.86,205.93,0.4625345508867947,252.4,1.0,121.0,1
436,489.1,507.237,0.0054232121210447,420.2,1.0,87.0,0
437,427.5,680.302,0.3733340328651073,382.8,1.0,96.0,0
438,291.96,581.83,0.6945094119238873,192.3,0.0,126.0,1
439,399.58,760.035,0.4625345508867947,359.2,0.0,101.0,0
440,472.3,554.111,0.3115337142099755,369.7,0.0,97.0,0
441,286.26,592.435,0.6176083192736651,197.8,0.0,125.0,1
442,260.82,537.006,0.5567170237500242,237.55,0.0,123.0,1
443,334.84,705.928,0.8080075218074428,219.2,1.0,121.0,1
444,402.48,662.653,0.6933827975932426,386.45,0.0,103.0,0
445,423.66,634.976,0.4616688803165566,393.85,1.0,98.0,0
446,473.74,639.667,0.0054232121210447,397.0,1.0,88.0,0
447,264.16,479.978,0.5567170237500242,413.95,1.0,109.0,1
448,410.76,467.221,0.0035427602603362,410.35,0.0,94.0,0
449,449.96,708.897,0.0009979373017034,350.65,1.0,92.0,0
450,286.08,506.665,0.4683705787981124,215.8,0.0,122.0,1
451,218.68,410.596,0.6931964091929521,263.5,0.0,127.0,1
452,280.92,412.292,0.6353083140271769,191.85,1.0,128.0,1
453,301.6,563.697,0.3715944077957294,194.55,0.0,121.0,1
454,387.94,503.379,0.0020557950224632,410.35,1.0,94.0,0
455,252.88,658.997,0.923850811963098,310.9,1.0,120.0,1
456,460.28,705.472,0.6181854329871571,362.2,1.0,99.0,0
457,335.72,312.81,0.7427409311688349,187.25,1.0,128.0,1
458,428.66,738.829,0.4656948697628311,241.1,1.0,108.0,0
459,246.5,516.622,0.5275580673830556,218.15,0.0,125.0,1
460,338.8,310.724,0.462066508903843,356.65,1.0,110.0,1
461,409.04,603.726,0.3715944077957294,425.15,1.0,95.0,0
462,353.04,738.633,0.3119920916092085,263.1,1.0,108.0,1
463,321.46,591.44,0.5540396579289626,217.05,1.0,120.0,1
464,303.26,661.876,0.5275580673830556,282.3,1.0,114.0,1
465,387.54,684.419,0.3091313748284536,401.15,0.0,97.0,0
466,356.7,298.758,0.554341192940988,225.05,1.0,122.0,1
467,320.06,177.1,0.4625345508867947,249.45,0.0,123.0,1
468,245.18,415.213,0.2318892604384407,356.15,1.0,111.0,1
469,469.28,660.506,0.184881277492289,394.15,0.0,91.0,0
470,428.98,551.956,0.186229901117502,400.75,1.0,94.0,0
471,411.28,386.092,0.0010078780163856,344.1,0.0,100.0,0
472,301.22,752.549,0.4625552607090492,325.95,1.0,108.0,1
473,285.62,497.428,0.7427409311688349,185.25,0.0,129.0,1
474,396.64,755.248,0.2340720757040649,381.2,0.0,96.0,0
475,471.94,583.426,0.3095842296084187,398.05,1.0,93.0,0
476,419.86,616.287,0.5539634457830661,436.45,0.0,97.0,0
477,471.98,519.754,0.4673599394720929,373.15,0.0,99.0,0
478,214.38,512.573,0.3101144010581339,336.95,1.0,113.0,1
479,457.4,635.802,0.6155235305000456,330.85,1.0,103.0,0
480,323.58,524.62,0.6157223447936888,196.8,0.0,124.0,1
481,368.06,630.606,0.3991642699156499,436.3,1.0,97.0,0
482,227.6,390.319,0.6956484521478847,330.6,1.0,121.0,1
483,256.96,336.018,0.7381218124131913,220.65,0.0,130.0,1
484,242.48,431.114,0.4683705787981124,220.55,0.0,126.0,1
485,425.76,674.325,0.4648499090148477,409.9,1.0,96.0,0
486,461.9,707.839,0.461403794591699,360.15,0.0,98.0,0
487,404.68,589.53,0.3991642699156499,362.75,1.0,101.0,0
488,232.38,630.713,0.9345072581023728,316.5,1.0,122.0,1
489,230.52,561.809,0.3965725835878012,268.4,0.0,119.0,1
490,276.7,243.166,0.4634250732437381,323.35,0.0,118.0,1
491,249.34,479.683,0.6178292240443798,217.45,1.0,126.0,1
492,316.44,367.824,0.923506200520783,185.0,0.0,132.0,1
493,444.22,577.771,0.5571709830538428,193.15,1.0,115.0,1
494,243.62,282.658,0.5553684001248113,327.95,1.0,120.0,1
495,408.54,518.24,0.6181854329871571,436.35,0.0,100.0,1
496,354.92,492.829,0.3701033005934055,164.95,1.0,121.0,1
497,281.9,430.738,0.3955240748725163,222.0,0.0,122.0,1
498,320.66,569.841,0.5567899223243601,421.45,0.0,104.0,1
499,227.4,454.005,0.6152032185825094,293.0,1.0,122.0,1
500,479.88,608.03,0.0103190141020083,404.7,1.0,87.0,0
501,470.58,624.306,0.6155207691904118,394.2,0.0,98.0,0
502,301.68,240.301,0.6169345597229855,400.15,1.0,112.0,1
503,237.38,475.104,0.616086837665368,336.75,1.0,117.0,1
504,217.4,360.373,0.6933827975932426,319.0,0.0,124.0,1
505,284.08,341.912,0.4641830527382528,243.65,1.0,122.0,1
506,491.78,548.062,0.1849144132078962,370.75,0.0,94.0,0
507,223.6,578.876,0.93090374903009,284.65,1.0,125.0,1
508,384.54,652.278,0.2640273543221794,390.85,0.0,98.0,0
509,303.86,578.772,0.4633422339547201,309.1,0.0,113.0,1
510,299.6,705.826,0.6937307226071181,236.15,0.0,120.0,1
511,296.38,499.113,0.3965725835878012,197.5,0.0,122.0,1
512,415.74,666.912,0.3118485035082439,417.0,1.0,94.0,0
513,309.48,751.802,0.396648322366332,272.15,0.0,112.0,1
514,277.42,307.263,0.1867766404250208,344.7,1.0,111.0,1
515,211.38,429.958,0.465247537602134,303.6,1.0,120.0,1
516,362.04,516.916,0.6930990730283559,164.55,1.0,125.0,1
517,449.16,618.063,0.0049096085291331,401.1,1.0,89.0,0
518,267.62,455.809,0.2326762336841117,288.2,0.0,115.0,1
519,405.22,576.919,0.0135497463737101,424.9,1.0,90.0,0
520,402.3,637.275,0.5554379851275864,405.15,1.0,99.0,0
521,366.86,477.084,0.2640273543221794,428.05,1.0,98.0,0
522,374.18,638.913,0.4941584494694144,211.6,0.0,116.0,1
523,393.66,353.506,0.6594192808050717,198.8,0.0,123.0,1
524,481.26,664.319,0.0026729477256473,363.8,0.0,90.0,0
525,326.96,655.76,0.9238706933924624,197.35,0.0,126.0,1
526,343.8,525.632,0.9385663832642548,271.95,0.0,121.0,1
527,406.6,635.288,0.1857063568109082,404.35,1.0,94.0,0
528,307.96,442.485,0.3700072070181446,231.55,0.0,119.0,1
529,405.54,702.037,0.0064504193048679,311.3,1.0,97.0,0
530,238.54,484.536,0.6151645602476343,227.2,1.0,126.0,1
531,258.66,283.874,0.6933827975932426,290.15,1.0,124.0,1
532,455.06,739.419,0.2327135113641698,325.35,0.0,97.0,0
533,473.92,584.44,0.4619505338992178,395.9,1.0,96.0,0
534,369.76,602.84,0.3100426070076516,385.7,0.0,100.0,0
535,338.8,418.514,0.6155207691904118,377.75,1.0,109.0,1
536,457.62,624.76,0.4686025288073628,390.95,1.0,96.0,0
537,258.46,582.958,0.3459071868605843,259.75,1.0,117.0,1
538,481.28,590.479,0.0054977674811609,388.75,0.0,89.0,0
539,312.6,649.272,0.9265381184988416,199.7,1.0,126.0,1
540,463.18,658.834,0.1550337293971785,384.2,1.0,91.0,0
541,370.92,404.788,0.6257376148359645,304.15,0.0,115.0,0
542,481.9,549.899,0.4625345508867947,421.65,1.0,94.0,0
543,365.3,519.205,0.4643445893518378,456.85,0.0,98.0,1
544,272.36,658.567,0.9236801630277208,233.05,1.0,125.0,1
545,334.14,426.503,0.7911195493227099,166.05,0.0,130.0,1
546,220.5,372.125,0.6165093180393597,288.2,0.0,124.0,1
547,463.74,183.686,0.396648322366332,313.95,0.0,109.0,1
548,461.82,466.538,0.0037360519347115,440.6,1.0,88.0,0
549,247.28,378.387,0.6932668225886174,230.65,0.0,129.0,1
550,316.7,401.351,0.4711456949802153,372.95,0.0,110.0,1
551,407.74,698.742,0.5567899223243601,370.9,1.0,101.0,0
552,303.92,507.602,0.6161144507617073,200.9,1.0,124.0,1
553,326.1,643.958,0.1550337293971785,372.05,1.0,100.0,0
554,408.8,515.014,0.3700569105915554,448.55,0.0,95.0,0
555,390.72,723.259,0.560550826045777,362.25,0.0,103.0,0
556,470.56,518.648,0.554294802939138,318.0,0.0,105.0,0
557,327.98,756.875,0.4669623108848065,357.75,0.0,105.0,0
558,292.88,217.732,0.4656948697628311,284.55,1.0,120.0,1
559,318.92,765.606,0.5597489417280829,276.0,0.0,113.0,1
560,445.74,532.236,0.2640273543221794,419.55,1.0,93.0,0
561,421.06,440.782,0.004752213879999,446.05,1.0,90.0,0
562,471.88,556.771,0.5541953957923165,383.95,1.0,98.0,0
563,389.24,683.059,0.616086837665368,419.9,1.0,99.0,0
564,347.5,325.5,0.6937307226071181,201.7,1.0,126.0,1
565,483.0,662.173,0.3697686298657728,383.2,0.0,94.0,0
566,326.0,520.973,0.3202594526532044,187.55,0.0,120.0,1
567,419.28,637.643,0.308786211124212,433.15,0.0,93.0,0
568,312.22,253.715,0.9474301871891804,215.8,0.0,132.0,1
569,290.96,474.479,0.6181854329871571,191.75,0.0,127.0,1
570,390.62,741.662,0.5539634457830661,381.6,0.0,101.0,0
571,295.84,654.999,0.554294802939138,230.2,1.0,119.0,1
572,469.5,514.094,0.1855903818062831,393.7,1.0,93.0,0
573,391.36,570.324,0.5536188343407512,428.1,1.0,99.0,0
574,459.76,571.799,0.6157223447936888,399.0,0.0,99.0,0
575,463.88,567.918,0.0068066282476452,247.9,1.0,101.0,0
576,258.82,239.369,0.6257376148359645,276.95,1.0,125.0,1
577,251.3,279.646,0.6166473835210563,251.6,1.0,126.0,1
578,338.46,255.833,0.9282197560659068,295.25,0.0,124.0,1
579,450.0,678.669,0.2360477927471441,404.8,0.0,92.0,0
580,309.94,768.938,0.9239411067881276,304.7,1.0,116.0,1
581,443.88,764.353,0.1855903818062831,329.1,1.0,96.0,0
582,362.5,696.464,0.3701132413080877,327.8,0.0,105.0,0
583,263.96,564.356,0.5768382728560503,282.85,1.0,118.0,1
584,446.32,658.265,0.3202594526532044,407.95,1.0,93.0,0
585,368.2,745.359,0.3754977950942574,353.95,1.0,101.0,0
586,473.5,665.042,0.6149685072636251,317.15,0.0,104.0,0
587,332.58,256.863,0.6353083140271769,218.35,0.0,126.0,1
588,259.76,341.911,0.5597489417280829,253.0,0.0,125.0,1
589,346.86,490.905,0.5567899223243601,401.5,1.0,105.0,1
590,450.58,585.26,0.6213526551372784,399.7,1.0,99.0,0
591,484.74,570.148,0.4625552607090492,365.5,1.0,98.0,0
592,369.96,368.34,0.395654250898116,455.75,1.0,99.0,0
593,334.44,689.623,0.6937307226071181,206.95,1.0,120.0,1
594,440.1,740.246,0.5553684001248113,371.9,0.0,99.0,0
595,401.16,584.766,0.0013723708880647,403.55,1.0,92.0,0
596,480.18,662.634,0.4703380119122898,326.1,0.0,100.0,0
597,433.74,583.372,0.310235898682027,436.5,1.0,92.0,0
598,462.76,559.011,0.4683705787981124,386.25,0.0,98.0,0
599,239.72,443.041,0.923506200520783,246.75,1.0,130.0,1
600,411.42,591.061,0.3459071868605843,392.55,0.0,98.0,0
601,454.74,565.701,0.2318892604384407,398.0,0.0,94.0,0
602,452.98,522.529,0.0011072851632072,376.2,1.0,92.0,0
603,261.72,234.107,0.3701099277365269,327.85,1.0,117.0,1
604,450.68,609.978,0.6353083140271769,387.5,0.0,100.0,0
605,244.08,499.57,0.6594192808050717,253.9,1.0,124.0,1
606,450.04,694.38,0.0010078780163856,360.9,1.0,91.0,0
607,249.08,282.1,0.3459071868605843,295.6,1.0,119.0,1
608,307.38,280.191,0.616086837665368,248.35,1.0,124.0,1
609,458.24,671.865,0.0054646317655537,402.45,0.0,88.0,0
610,258.5,418.666,0.2323490184924906,205.9,0.0,122.0,1
611,496.24,388.174,0.3700569105915554,281.95,0.0,106.0,0
612,511.14,357.645,0.1857063568109082,375.15,1.0,95.0,1
613,346.98,683.33,0.2323490184924906,369.7,1.0,100.0,0
614,446.32,603.152,0.3744010029076591,382.1,0.0,97.0,0
615,217.7,443.072,0.4711456949802153,266.1,1.0,122.0,1
616,424.6,649.296,0.4647256500813206,406.9,1.0,96.0,0
617,268.28,380.671,0.6933827975932426,242.65,0.0,127.0,1
618,510.14,280.287,0.6166032025669135,347.9,1.0,105.0,1
619,357.7,561.946,0.7427409311688349,399.05,0.0,107.0,1
620,476.2,627.924,0.0013944613651362,386.55,1.0,89.0,0
621,250.9,567.708,0.9301499115000262,311.3,0.0,123.0,1
622,387.26,755.351,0.0051912621117943,299.4,0.0,99.0,0
623,268.92,531.887,0.6958099887614698,244.3,1.0,123.0,1
624,251.7,641.479,0.3459071868605843,250.4,0.0,117.0,1
625,399.52,718.818,0.2333348060318047,330.2,1.0,99.0,0
626,398.8,582.352,0.1867766404250208,435.7,0.0,93.0,0
627,397.44,670.587,0.0020557950224632,427.0,1.0,89.0,0
628,440.96,645.641,0.4643445893518378,418.55,0.0,95.0,0
629,272.8,310.929,0.554294802939138,233.85,0.0,126.0,1
630,290.16,339.516,0.3690396441224144,279.6,1.0,117.0,1
631,313.94,688.639,0.5553684001248113,219.85,0.0,119.0,1
632,463.08,516.361,0.3101254462966696,407.3,1.0,94.0,0
633,448.46,677.446,0.0009979373017034,402.95,1.0,88.0,0
634,263.52,245.933,0.8080075218074428,330.0,0.0,124.0,1
635,487.22,694.764,0.4730924182721381,330.9,1.0,98.0,0
636,420.46,616.101,0.6155207691904118,423.55,1.0,98.0,0
637,457.88,658.35,0.0010078780163856,381.05,0.0,90.0,0
638,254.74,483.476,0.5597489417280829,215.05,1.0,125.0,1
639,443.18,469.742,0.396648322366332,403.2,1.0,98.0,0
640,460.36,627.724,0.6985188335123583,399.55,0.0,100.0,0
641,478.64,640.459,0.6594192808050717,392.85,0.0,98.0,0
642,428.84,775.679,0.7427409311688349,332.0,1.0,104.0,0
643,488.46,671.325,0.0011072851632072,367.45,1.0,89.0,0
644,301.54,281.867,0.6151645602476343,355.15,1.0,115.0,1
645,389.9,701.851,0.2322454693812181,415.8,1.0,93.0,0
646,375.28,663.451,0.1550337293971785,402.65,1.0,95.0,0
647,408.94,687.834,0.462894901794023,282.8,0.0,107.0,0
648,247.02,583.484,0.5597754503005686,383.85,1.0,111.0,1
649,434.74,594.225,0.5567170237500242,330.15,1.0,104.0,0
650,465.36,599.672,0.6266819827307696,382.2,0.0,100.0,0
651,256.0,454.652,0.6166032025669135,247.1,0.0,125.0,1
652,476.12,551.31,0.5275580673830556,401.9,1.0,97.0,0
653,391.78,428.383,0.9238706933924624,182.8,1.0,127.0,1
654,274.4,539.224,0.9236801630277208,232.15,0.0,128.0,1
655,453.58,585.761,0.4661504858524301,398.35,1.0,97.0,0
656,254.4,239.426,0.6176083192736651,337.55,1.0,120.0,1
657,249.7,631.022,0.8080075218074428,257.8,1.0,123.0,1
658,322.48,511.712,0.4620209472948831,199.3,1.0,121.0,1
659,446.56,515.127,0.3965725835878012,399.1,0.0,98.0,0
660,430.36,705.051,0.2309490345080865,402.35,0.0,93.0,0
661,241.7,578.467,0.3744010029076591,355.15,1.0,110.0,1
662,393.22,421.363,0.4724131361021906,182.45,0.0,120.0,1
663,448.02,464.032,0.0013944613651362,445.9,0.0,89.0,0
664,221.14,429.935,0.4676664448414594,303.5,0.0,120.0,1
665,380.1,401.592,0.316680795367627,163.0,1.0,120.0,1
666,216.34,429.079,0.4686025288073628,267.2,0.0,123.0,1
667,390.14,455.224,0.6149685072636251,178.8,1.0,122.0,1
668,319.38,546.452,0.616086837665368,184.55,1.0,124.0,1
669,370.94,482.06,0.7393146981750506,163.0,1.0,126.0,1
670,420.92,536.731,0.6152032185825094,427.8,1.0,99.0,0
671,330.86,509.502,0.4620209472948831,370.35,0.0,107.0,0
672,432.06,501.477,0.5768382728560503,356.35,0.0,105.0,0
673,267.98,534.417,0.7911195493227099,393.5,1.0,113.0,1
674,322.84,642.355,0.3701033005934055,426.75,0.0,100.0,0
675,302.94,414.173,0.4743971370741716,180.4,0.0,126.0,1
676,375.06,715.111,0.6169345597229855,410.15,1.0,100.0,0
677,324.92,391.934,0.4667137930177525,206.75,0.0,123.0,1
678,248.68,261.309,0.6161144507617073,278.7,0.0,125.0,1
679,455.26,662.01,0.3115337142099755,321.0,0.0,100.0,0
680,504.14,578.45,0.6594192808050717,391.45,1.0,97.0,0
681,512.18,618.339,0.3102911248747056,344.75,1.0,95.0,0
682,247.42,319.987,0.3991642699156499,377.75,0.0,113.0,1
683,262.58,562.427,0.9352196759879275,294.75,0.0,123.0,1
684,397.0,739.109,0.5541953957923165,312.1,0.0,106.0,0
685,460.72,639.652,0.4620140440207982,375.0,0.0,98.0,0
686,408.04,649.025,0.3082367105070593,422.7,0.0,94.0,0
687,500.4,666.296,0.1921479399249476,309.35,0.0,96.0,0
688,301.98,665.411,0.6181854329871571,211.95,1.0,121.0,1
689,308.0,523.401,0.4743971370741716,176.05,0.0,124.0,1
690,446.4,587.767,0.5540396579289626,414.0,0.0,98.0,0
691,492.58,609.387,0.2327135113641698,370.3,0.0,93.0,0
692,336.58,551.216,0.2641575303477791,213.0,1.0,115.0,1
693,254.22,687.871,0.6930990730283559,311.65,1.0,116.0,1
694,414.96,455.939,0.0067900603898416,432.05,0.0,92.0,0
695,381.68,741.597,0.5554379851275864,364.7,1.0,102.0,0
696,381.42,794.848,0.3710609227744535,322.55,0.0,103.0,0
697,436.44,741.801,0.0008698125346889,369.65,1.0,90.0,0
698,450.48,354.668,0.4687847752432024,188.75,1.0,117.0,1
699,445.26,745.438,0.5597754503005686,345.05,1.0,100.0,0
700,402.08,586.336,0.3733340328651073,380.3,1.0,99.0,0
701,523.04,473.574,0.5567899223243601,351.95,0.0,100.0,0
702,355.1,674.796,0.0009979373017034,403.0,1.0,93.0,0
703,232.14,422.516,0.9282197560659068,323.95,1.0,124.0,1
704,425.84,642.387,0.5768382728560503,426.15,0.0,97.0,0
705,211.42,476.823,0.3082367105070593,287.55,1.0,118.0,1
706,416.02,661.987,0.1855903818062831,388.25,1.0,94.0,0
707,452.9,697.105,0.6165093180393597,360.35,1.0,100.0,0
708,519.52,614.282,0.4704829806680713,342.05,1.0,97.0,0
709,270.96,222.057,0.3697653162942121,359.15,0.0,115.0,1
710,406.46,623.122,0.186229901117502,395.75,1.0,95.0,0
711,491.52,335.026,0.6195854169715614,375.95,0.0,103.0,0
712,289.24,733.477,0.9270475801263024,296.05,0.0,119.0,1
713,219.54,548.76,0.5571709830538428,301.25,1.0,119.0,1
714,332.62,721.889,0.462066508903843,357.0,1.0,104.0,0
715,415.92,616.259,0.308786211124212,402.3,0.0,96.0,0
716,265.26,702.329,0.9240750303053734,291.75,1.0,120.0,1
717,448.88,648.023,0.0013723708880647,386.1,0.0,91.0,0
718,350.34,672.403,0.0028551941614869,374.4,0.0,97.0,0
719,239.86,542.861,0.1849144132078962,240.05,1.0,117.0,1
720,449.84,638.797,0.0081486247297368,328.25,0.0,95.0,0
721,236.9,500.862,0.9238706933924624,295.25,0.0,126.0,1
722,517.24,510.675,0.6206954634444024,258.4,1.0,108.0,1
723,433.14,764.082,0.2322454693812181,338.45,1.0,96.0,0
724,416.48,644.34,0.3705307513247384,334.45,0.0,102.0,0
725,350.86,487.611,0.6937307226071181,427.7,0.0,106.0,0
726,428.76,606.411,0.3715944077957294,190.5,0.0,113.0,1
727,401.1,736.003,0.4790154274369248,387.55,1.0,98.0,0
728,293.6,550.021,0.9239411067881276,339.55,0.0,118.0,1
729,266.34,383.498,0.6151645602476343,222.85,0.0,127.0,1
730,299.06,504.914,0.6157223447936888,235.0,1.0,122.0,1
731,473.28,621.613,0.3700072070181446,385.25,1.0,95.0,0
732,451.74,471.392,0.4668794715957886,421.55,1.0,97.0,0
733,271.34,659.567,0.554341192940988,253.0,1.0,118.0,1
734,338.36,319.476,0.6176083192736651,207.45,1.0,125.0,1
735,391.82,293.986,0.2327135113641698,184.35,1.0,118.0,1
736,366.84,498.505,0.1856235175218903,417.1,0.0,98.0,0
737,365.68,618.403,0.2340720757040649,426.2,0.0,96.0,0
738,462.84,616.082,0.7381218124131913,404.55,1.0,99.0,0
739,380.16,526.561,0.0137485606673533,408.75,0.0,95.0,0
740,246.48,559.849,0.616086837665368,283.2,0.0,120.0,1
741,493.44,673.074,0.6932668225886174,356.4,0.0,100.0,0
742,325.9,668.155,0.6985188335123583,363.0,1.0,109.0,1
743,423.3,694.568,0.4641830527382528,398.55,0.0,97.0,0
744,256.34,620.601,0.6930990730283559,371.6,1.0,112.0,1
745,394.3,608.059,0.6151645602476343,435.8,1.0,99.0,0
746,335.74,395.525,0.6266819827307696,184.9,0.0,126.0,1
747,303.08,462.391,0.6953253789207146,301.15,0.0,119.0,1
748,321.48,531.677,0.4686025288073628,171.5,0.0,124.0,1
749,277.36,567.822,0.6149685072636251,200.3,0.0,125.0,1
750,380.82,629.395,0.6594192808050717,254.35,1.0,114.0,1
751,379.82,486.795,0.316680795367627,433.8,1.0,97.0,0
752,499.08,635.517,0.3712994999268253,364.0,1.0,95.0,0
753,469.5,671.135,0.6950975708759151,366.35,0.0,101.0,0
754,467.2,599.985,0.2333348060318047,376.6,0.0,95.0,0
755,443.58,736.875,0.5768382728560503,365.2,0.0,100.0,0
756,342.46,528.026,0.3101144010581339,448.3,0.0,98.0,0
757,302.24,673.843,0.695594606610023,228.5,0.0,121.0,1
758,398.78,396.991,0.6161144507617073,407.9,1.0,104.0,0
759,509.14,553.534,0.3697686298657728,389.4,1.0,93.0,0
760,360.94,525.301,0.0,321.9,0.0,102.0,0
761,275.26,605.83,0.7911195493227099,215.35,0.0,126.0,1
762,353.46,763.683,0.7381218124131913,256.2,1.0,115.0,1
763,338.2,586.388,0.018677498363924,444.1,1.0,93.0,0
764,346.02,631.27,0.7393146981750506,218.5,1.0,120.0,1
765,312.96,530.494,0.0049096085291331,406.85,0.0,98.0,0
766,230.7,527.363,0.6155235305000456,361.15,1.0,115.0,1
767,430.88,676.334,0.4743971370741716,378.5,1.0,98.0,0
768,256.74,624.637,0.4648499090148477,244.3,0.0,120.0,1
769,496.46,553.687,0.0160514929020535,392.05,0.0,89.0,0
770,402.58,698.057,0.4724131361021906,414.75,1.0,96.0,0
771,395.86,444.901,0.5546427279530136,293.0,0.0,112.0,0
772,427.4,513.632,0.616086837665368,407.8,0.0,101.0,0
773,345.16,312.658,0.4629446053674337,178.25,0.0,125.0,1
774,482.76,503.561,0.5597489417280829,399.45,0.0,98.0,0
775,350.74,216.449,0.9265381184988416,234.9,1.0,128.0,1
776,210.44,513.173,0.3697653162942121,319.45,1.0,116.0,1
777,425.18,729.488,0.4941584494694144,384.35,1.0,97.0,0
778,210.3,478.619,0.3712994999268253,288.8,1.0,119.0,1
779,273.7,199.917,0.3710609227744535,319.4,1.0,117.0,1
780,252.78,391.315,0.3705307513247384,296.1,0.0,118.0,1
781,500.0,550.416,0.3202594526532044,349.85,1.0,96.0,0
782,248.64,399.394,0.5768382728560503,283.9,1.0,122.0,1
783,444.7,651.866,0.4648499090148477,406.25,0.0,96.0,0
784,411.68,660.273,0.2309490345080865,407.25,0.0,94.0,0
785,213.92,438.817,0.4112519685836599,275.2,0.0,122.0,1
786,376.54,663.593,0.1550337293971785,431.9,0.0,93.0,0
787,218.14,426.967,0.8080075218074428,288.5,1.0,126.0,1
788,334.44,668.739,0.554294802939138,302.65,1.0,111.0,1
789,308.04,224.731,0.6161144507617073,228.6,0.0,127.0,1
790,398.16,744.301,0.4667137930177525,353.4,1.0,101.0,0
791,286.84,282.718,0.560550826045777,330.9,1.0,117.0,1
792,340.98,208.565,0.6165093180393597,218.0,1.0,125.0,1
793,302.5,460.337,0.6161006442135376,175.0,0.0,128.0,1
794,263.36,553.362,0.4703380119122898,305.45,0.0,116.0,1
795,455.12,724.24,0.4643445893518378,358.7,1.0,97.0,0
796,368.46,589.662,0.7381218124131913,330.4,0.0,111.0,1
797,393.52,629.28,0.4686108127362646,408.35,0.0,99.0,0
798,238.4,327.089,0.3180062239919149,351.0,1.0,114.0,1
799,234.6,339.873,0.4633712277058764,250.95,1.0,124.0,1
800,263.44,325.37,0.4656948697628311,392.65,1.0,112.0,1
801,461.04,707.013,0.3700072070181446,372.9,1.0,95.0,0
802,396.6,605.76,0.2340720757040649,333.95,0.0,102.0,1
803,240.98,410.972,0.3690396441224144,245.65,1.0,122.0,1
804,303.88,609.686,0.6931964091929521,249.8,0.0,120.0,1
805,461.8,612.701,0.0051912621117943,409.95,1.0,88.0,0
806,238.06,638.838,0.695594606610023,306.1,0.0,119.0,1
807,421.74,735.381,0.560550826045777,236.15,0.0,111.0,1
808,448.4,588.202,0.3710609227744535,382.2,0.0,97.0,0
809,211.26,460.243,0.6165976799476456,309.2,0.0,122.0,1
810,222.04,530.129,0.7393146981750506,270.4,0.0,125.0,1
811,505.2,510.134,0.6177298168975582,366.05,0.0,100.0,1
812,431.86,604.657,0.6956484521478847,320.5,1.0,107.0,0
813,357.02,750.444,0.4633422339547201,381.0,1.0,101.0,0
814,364.4,270.733,0.3102911248747056,214.2,0.0,119.0,1
815,422.76,566.051,0.4643321634584851,368.55,0.0,102.0,0
816,252.22,442.177,0.395654250898116,209.4,0.0,125.0,1
817,511.22,650.446,0.7393146981750506,337.9,0.0,102.0,0
818,249.16,624.661,0.308786211124212,289.95,1.0,113.0,1
819,402.3,286.799,0.9333972116295318,410.6,0.0,111.0,1
820,339.76,488.526,0.2318064211494227,388.45,0.0,102.0,0
821,462.14,613.838,0.3701132413080877,413.5,1.0,93.0,0
822,427.92,583.631,0.5549873393953284,444.25,1.0,96.0,0
823,403.08,641.885,0.1550337293971785,389.45,1.0,94.0,0
824,413.96,578.684,0.4703380119122898,445.25,1.0,95.0,0
825,277.04,538.989,0.4730924182721381,199.8,0.0,124.0,1
826,397.72,764.802,0.0011072851632072,341.25,0.0,95.0,0
827,278.68,479.298,0.6155235305000456,199.35,0.0,127.0,1
828,227.06,566.833,0.4625345508867947,362.3,1.0,112.0,1
829,298.5,489.186,0.3955240748725163,439.85,0.0,103.0,0
830,539.92,502.789,0.93090374903009,285.25,0.0,110.0,1
831,437.94,667.446,0.4674676305478163,412.0,0.0,96.0,0
832,473.44,614.673,0.5553684001248113,397.65,1.0,96.0,0
833,423.12,610.091,0.6304539316907223,437.3,0.0,98.0,0
834,506.34,518.473,0.4711456949802153,399.05,1.0,95.0,0
835,516.52,418.846,0.4687847752432024,382.9,1.0,97.0,0
836,439.1,731.742,0.461403794591699,380.1,1.0,96.0,0
837,216.36,382.609,0.6169345597229855,309.4,1.0,122.0,1
838,420.54,521.79,0.0051912621117943,439.25,0.0,90.0,0
839,267.8,401.837,0.4653386608200537,202.1,0.0,126.0,1
840,271.44,682.114,0.923850811963098,366.5,0.0,115.0,1
841,304.72,623.781,0.7393146981750506,196.25,1.0,124.0,1
842,358.08,145.481,0.5546427279530136,331.3,0.0,116.0,1
843,444.22,566.376,0.2641575303477791,439.9,0.0,92.0,0
844,238.64,574.259,0.4647256500813206,252.15,0.0,121.0,1
845,489.74,494.575,0.3744010029076591,401.45,0.0,95.0,0
846,218.0,491.115,0.186229901117502,265.7,0.0,118.0,1
847,411.0,569.867,0.006856331821056,419.85,0.0,91.0,0
848,455.46,749.034,0.3705307513247384,340.5,0.0,98.0,0
849,359.16,781.195,0.3701099277365269,344.4,1.0,102.0,0
850,516.12,379.083,0.4112519685836599,373.55,0.0,98.0,0
851,264.54,576.68,0.461403794591699,348.85,1.0,111.0,1
852,473.0,597.859,0.0064089996603589,347.35,1.0,92.0,0
853,405.8,695.625,0.0020557950224632,395.8,0.0,91.0,0
854,483.6,471.691,0.3701099277365269,422.95,0.0,94.0,0
855,414.34,596.776,0.4673599394720929,285.55,0.0,108.0,0
856,430.58,683.245,0.1857063568109082,393.95,0.0,93.0,0
857,421.2,774.601,0.5597754503005686,345.4,1.0,101.0,0
858,229.38,335.539,0.3700072070181446,308.8,1.0,119.0,1
859,437.58,704.101,0.6953253789207146,348.9,1.0,103.0,0
860,337.84,579.833,0.4620140440207982,181.55,1.0,120.0,1
861,313.98,272.411,0.4643155956006816,233.05,1.0,122.0,1
862,488.8,542.518,0.0020557950224632,415.85,0.0,88.0,0
863,324.88,580.196,0.3091313748284536,379.15,1.0,103.0,0
864,232.54,634.936,0.6155594275252867,310.3,0.0,118.0,1
865,264.76,612.3,0.5553684001248113,242.3,0.0,121.0,1
866,470.56,602.835,0.0036642578842293,393.2,0.0,90.0,0
867,414.88,636.643,0.3694339591381401,411.85,1.0,95.0,0
868,253.9,428.982,0.6151645602476343,208.5,1.0,127.0,1
869,289.42,608.128,0.6956484521478847,208.65,1.0,124.0,1
870,444.16,658.828,0.0036642578842293,412.05,1.0,88.0,0
871,342.14,598.866,0.3690396441224144,445.75,1.0,97.0,0
872,352.56,691.128,0.4643155956006816,290.9,0.0,110.0,0
873,333.7,315.231,0.3701132413080877,219.4,0.0,121.0,1
874,372.96,639.248,0.5546427279530136,424.4,1.0,99.0,0
875,439.38,669.29,0.9538585160169766,252.6,1.0,115.0,1
876,300.58,617.703,0.6930990730283559,343.05,1.0,112.0,1
877,246.26,627.848,0.3955240748725163,283.5,1.0,115.0,1
878,387.16,533.501,0.4704829806680713,166.65,0.0,120.0,1
879,280.78,509.601,0.6976862986577275,206.4,1.0,126.0,1
880,471.12,680.335,0.6177298168975582,380.35,1.0,98.0,0
881,241.5,659.634,0.6213526551372784,300.35,0.0,118.0,1
882,282.44,662.815,0.6181854329871571,229.8,1.0,120.0,1
883,360.84,193.454,0.6304539316907223,240.45,1.0,123.0,1
884,491.56,572.604,0.3991642699156499,396.8,0.0,94.0,0
885,426.76,657.912,0.4724131361021906,347.1,1.0,101.0,0
886,241.9,634.51,0.2333348060318047,353.3,0.0,108.0,1
887,479.04,493.091,0.8080075218074428,391.6,1.0,102.0,1
888,439.88,459.599,0.6181854329871571,400.25,0.0,102.0,0
889,247.24,661.938,0.9301499115000262,345.85,1.0,118.0,1
890,235.32,630.01,0.5554379851275864,323.75,1.0,115.0,1
891,391.12,633.2,0.2641575303477791,393.35,1.0,97.0,0
892,353.4,516.005,0.5549873393953284,187.9,0.0,122.0,1
893,425.74,520.11,0.1856235175218903,375.75,0.0,97.0,0
894,309.54,518.127,0.3100426070076516,193.25,0.0,120.0,1
895,422.24,646.312,0.4686025288073628,365.75,0.0,101.0,0
896,244.04,456.325,0.184881277492289,238.2,1.0,119.0,1
897,284.46,257.672,0.396648322366332,253.15,1.0,122.0,1
898,383.64,757.698,0.4112519685836599,364.1,0.0,100.0,0
899,380.5,641.224,0.0037360519347115,419.3,1.0,91.0,0
900,419.64,461.8,0.3754977950942574,380.1,1.0,100.0,0
901,494.1,651.81,0.2340720757040649,371.35,0.0,93.0,0
902,287.12,309.76,0.4633422339547201,214.75,1.0,125.0,1
903,439.44,537.671,0.1867766404250208,430.3,0.0,92.0,0
904,386.3,698.685,0.5567899223243601,394.8,1.0,100.0,1
905,239.3,518.699,0.6169345597229855,259.35,1.0,123.0,1
906,240.24,282.755,0.5601697653162943,328.6,1.0,120.0,1
907,400.46,596.21,0.4112519685836599,174.35,1.0,116.0,1
908,512.8,551.879,0.5601697653162943,354.8,1.0,99.0,0
909,336.68,407.631,0.6945094119238873,422.65,1.0,107.0,1
910,461.74,624.91,0.2640273543221794,415.35,0.0,92.0,0
911,246.16,610.045,0.923850811963098,245.95,1.0,127.0,1
912,278.64,376.051,0.395654250898116,209.2,1.0,124.0,1
913,392.46,680.949,0.184881277492289,401.15,1.0,94.0,0
914,425.12,676.691,0.1921479399249476,373.25,1.0,95.0,0
915,281.28,521.822,0.924218618406338,317.25,0.0,121.0,1
916,238.6,513.154,0.3701099277365269,231.0,1.0,121.0,1
917,305.88,437.089,0.465744573336242,389.0,1.0,108.0,1
918,388.88,470.51,0.5536188343407512,176.25,1.0,121.0,1
919,370.9,617.48,0.0013944613651362,399.85,0.0,94.0,0
920,422.34,547.259,0.4620195666400661,350.45,1.0,103.0,0
921,342.62,473.919,0.462066508903843,200.85,0.0,121.0,1
922,265.1,538.17,0.4648499090148477,208.35,1.0,123.0,1
923,397.12,622.386,0.4615611892408331,433.45,1.0,96.0,0
924,242.1,420.429,0.5275580673830556,369.2,1.0,114.0,1
