,0,1
0,-0.7425578984849813,-0.41872382476349596
1,-0.7425578984849813,-0.20584126225820676
2,-0.7425578984849813,0.007041300247082438
3,-0.7425578984849813,0.21992386275237158
4,-0.7425578984849813,0.43280642525766083
5,-0.7425578984849813,0.6456889877629501
6,-0.7425578984849813,0.8585715502682392
7,-0.7425578984849813,1.0714541127735284
8,-0.7425578984849813,1.2843366752788177
9,-0.7425578984849813,1.497219237784107
10,-0.7425578984849813,1.7101018002893962
11,-0.7425578984849813,1.9229843627946852
12,-0.7425578984849813,2.135866925299974
13,-0.7425578984849813,2.3487494878052635
14,-0.7425578984849813,2.5616320503105525
15,-0.7425578984849813,2.774514612815842
16,-0.7425578984849813,2.987397175321131
17,-0.7425578984849813,3.20027973782642
18,-0.7425578984849813,3.4131623003317095
19,-0.7425578984849813,3.626044862836999
20,-0.7425578984849813,3.838927425342288
21,-0.7425578984849813,4.0518099878475775
22,-0.7425578984849813,4.2646925503528665
23,-0.7425578984849813,4.477575112858156
24,-0.7425578984849813,4.690457675363445
25,-0.7425578984849813,4.9033402378687345
26,-0.7425578984849813,5.1162228003740235
27,-0.7425578984849813,5.329105362879313
28,-0.7425578984849813,5.541987925384602
29,-0.7425578984849813,5.754870487889891
30,-0.6006699700131661,-0.41872382476349596
31,-0.6006699700131661,-0.20584126225820676
32,-0.6006699700131661,0.007041300247082438
33,-0.6006699700131661,0.21992386275237158
34,-0.6006699700131661,0.43280642525766083
35,-0.6006699700131661,0.6456889877629501
36,-0.6006699700131661,0.8585715502682392
37,-0.6006699700131661,1.0714541127735284
38,-0.6006699700131661,1.2843366752788177
39,-0.6006699700131661,1.497219237784107
40,-0.6006699700131661,1.7101018002893962
41,-0.6006699700131661,1.9229843627946852
42,-0.6006699700131661,2.135866925299974
43,-0.6006699700131661,2.3487494878052635
44,-0.6006699700131661,2.5616320503105525
45,-0.6006699700131661,2.774514612815842
46,-0.6006699700131661,2.987397175321131
47,-0.6006699700131661,3.20027973782642
48,-0.6006699700131661,3.4131623003317095
49,-0.6006699700131661,3.626044862836999
50,-0.6006699700131661,3.838927425342288
51,-0.6006699700131661,4.0518099878475775
52,-0.6006699700131661,4.2646925503528665
53,-0.6006699700131661,4.477575112858156
54,-0.6006699700131661,4.690457675363445
55,-0.6006699700131661,4.9033402378687345
56,-0.6006699700131661,5.1162228003740235
57,-0.6006699700131661,5.329105362879313
58,-0.6006699700131661,5.541987925384602
59,-0.6006699700131661,5.754870487889891
60,-0.4587820415413509,-0.41872382476349596
61,-0.4587820415413509,-0.20584126225820676
62,-0.4587820415413509,0.007041300247082438
63,-0.4587820415413509,0.21992386275237158
64,-0.4587820415413509,0.43280642525766083
65,-0.4587820415413509,0.6456889877629501
66,-0.4587820415413509,0.8585715502682392
67,-0.4587820415413509,1.0714541127735284
68,-0.4587820415413509,1.2843366752788177
69,-0.4587820415413509,1.497219237784107
70,-0.4587820415413509,1.7101018002893962
71,-0.4587820415413509,1.9229843627946852
72,-0.4587820415413509,2.135866925299974
73,-0.4587820415413509,2.3487494878052635
74,-0.4587820415413509,2.5616320503105525
75,-0.4587820415413509,2.774514612815842
76,-0.4587820415413509,2.987397175321131
77,-0.4587820415413509,3.20027973782642
78,-0.4587820415413509,3.4131623003317095
79,-0.4587820415413509,3.626044862836999
80,-0.4587820415413509,3.838927425342288
81,-0.4587820415413509,4.0518099878475775
82,-0.4587820415413509,4.2646925503528665
83,-0.4587820415413509,4.477575112858156
84,-0.4587820415413509,4.690457675363445
85,-0.4587820415413509,4.9033402378687345
86,-0.4587820415413509,5.1162228003740235
87,-0.4587820415413509,5.329105362879313
88,-0.4587820415413509,5.541987925384602
89,-0.4587820415413509,5.754870487889891
90,-0.31689411306953563,-0.41872382476349596
91,-0.31689411306953563,-0.20584126225820676
92,-0.31689411306953563,0.007041300247082438
93,-0.31689411306953563,0.21992386275237158
94,-0.31689411306953563,0.43280642525766083
95,-0.31689411306953563,0.6456889877629501
96,-0.31689411306953563,0.8585715502682392
97,-0.31689411306953563,1.0714541127735284
98,-0.31689411306953563,1.2843366752788177
99,-0.31689411306953563,1.497219237784107
100,-0.31689411306953563,1.7101018002893962
101,-0.31689411306953563,1.9229843627946852
102,-0.31689411306953563,2.135866925299974
103,-0.31689411306953563,2.3487494878052635
104,-0.31689411306953563,2.5616320503105525
105,-0.31689411306953563,2.774514612815842
106,-0.31689411306953563,2.987397175321131
107,-0.31689411306953563,3.20027973782642
108,-0.31689411306953563,3.4131623003317095
109,-0.31689411306953563,3.626044862836999
110,-0.31689411306953563,3.838927425342288
111,-0.31689411306953563,4.0518099878475775
112,-0.31689411306953563,4.2646925503528665
113,-0.31689411306953563,4.477575112858156
114,-0.31689411306953563,4.690457675363445
115,-0.31689411306953563,4.9033402378687345
116,-0.31689411306953563,5.1162228003740235
117,-0.31689411306953563,5.329105362879313
118,-0.31689411306953563,5.541987925384602
119,-0.31689411306953563,5.754870487889891
120,-0.17500618459772044,-0.41872382476349596
121,-0.17500618459772044,-0.20584126225820676
122,-0.17500618459772044,0.007041300247082438
123,-0.17500618459772044,0.21992386275237158
124,-0.17500618459772044,0.43280642525766083
125,-0.17500618459772044,0.6456889877629501
126,-0.17500618459772044,0.8585715502682392
127,-0.17500618459772044,1.0714541127735284
128,-0.17500618459772044,1.2843366752788177
129,-0.17500618459772044,1.497219237784107
130,-0.17500618459772044,1.7101018002893962
131,-0.17500618459772044,1.9229843627946852
132,-0.17500618459772044,2.135866925299974
133,-0.17500618459772044,2.3487494878052635
134,-0.17500618459772044,2.5616320503105525
135,-0.17500618459772044,2.774514612815842
136,-0.17500618459772044,2.987397175321131
137,-0.17500618459772044,3.20027973782642
138,-0.17500618459772044,3.4131623003317095
139,-0.17500618459772044,3.626044862836999
140,-0.17500618459772044,3.838927425342288
141,-0.17500618459772044,4.0518099878475775
142,-0.17500618459772044,4.2646925503528665
143,-0.17500618459772044,4.477575112858156
144,-0.17500618459772044,4.690457675363445
145,-0.17500618459772044,4.9033402378687345
146,-0.17500618459772044,5.1162228003740235
147,-0.17500618459772044,5.329105362879313
148,-0.17500618459772044,5.541987925384602
149,-0.17500618459772044,5.754870487889891
150,-0.03311825612590524,-0.41872382476349596
151,-0.03311825612590524,-0.20584126225820676
152,-0.03311825612590524,0.007041300247082438
153,-0.03311825612590524,0.21992386275237158
154,-0.03311825612590524,0.43280642525766083
155,-0.03311825612590524,0.6456889877629501
156,-0.03311825612590524,0.8585715502682392
157,-0.03311825612590524,1.0714541127735284
158,-0.03311825612590524,1.2843366752788177
159,-0.03311825612590524,1.497219237784107
160,-0.03311825612590524,1.7101018002893962
161,-0.03311825612590524,1.9229843627946852
162,-0.03311825612590524,2.135866925299974
163,-0.03311825612590524,2.3487494878052635
164,-0.03311825612590524,2.5616320503105525
165,-0.03311825612590524,2.774514612815842
166,-0.03311825612590524,2.987397175321131
167,-0.03311825612590524,3.20027973782642
168,-0.03311825612590524,3.4131623003317095
169,-0.03311825612590524,3.626044862836999
170,-0.03311825612590524,3.838927425342288
171,-0.03311825612590524,4.0518099878475775
172,-0.03311825612590524,4.2646925503528665
173,-0.03311825612590524,4.477575112858156
174,-0.03311825612590524,4.690457675363445
175,-0.03311825612590524,4.9033402378687345
176,-0.03311825612590524,5.1162228003740235
177,-0.03311825612590524,5.329105362879313
178,-0.03311825612590524,5.541987925384602
179,-0.03311825612590524,5.754870487889891
180,0.10876967234591006,-0.41872382476349596
181,0.10876967234591006,-0.20584126225820676
182,0.10876967234591006,0.007041300247082438
183,0.10876967234591006,0.21992386275237158
184,0.10876967234591006,0.43280642525766083
185,0.10876967234591006,0.6456889877629501
186,0.10876967234591006,0.8585715502682392
187,0.10876967234591006,1.0714541127735284
188,0.10876967234591006,1.2843366752788177
189,0.10876967234591006,1.497219237784107
190,0.10876967234591006,1.7101018002893962
191,0.10876967234591006,1.9229843627946852
192,0.10876967234591006,2.135866925299974
193,0.10876967234591006,2.3487494878052635
194,0.10876967234591006,2.5616320503105525
195,0.10876967234591006,2.774514612815842
196,0.10876967234591006,2.987397175321131
197,0.10876967234591006,3.20027973782642
198,0.10876967234591006,3.4131623003317095
199,0.10876967234591006,3.626044862836999
200,0.10876967234591006,3.838927425342288
201,0.10876967234591006,4.0518099878475775
202,0.10876967234591006,4.2646925503528665
203,0.10876967234591006,4.477575112858156
204,0.10876967234591006,4.690457675363445
205,0.10876967234591006,4.9033402378687345
206,0.10876967234591006,5.1162228003740235
207,0.10876967234591006,5.329105362879313
208,0.10876967234591006,5.541987925384602
209,0.10876967234591006,5.754870487889891
210,0.25065760081772526,-0.41872382476349596
211,0.25065760081772526,-0.20584126225820676
212,0.25065760081772526,0.007041300247082438
213,0.25065760081772526,0.21992386275237158
214,0.25065760081772526,0.43280642525766083
215,0.25065760081772526,0.6456889877629501
216,0.25065760081772526,0.8585715502682392
217,0.25065760081772526,1.0714541127735284
218,0.25065760081772526,1.2843366752788177
219,0.25065760081772526,1.497219237784107
220,0.25065760081772526,1.7101018002893962
221,0.25065760081772526,1.9229843627946852
222,0.25065760081772526,2.135866925299974
223,0.25065760081772526,2.3487494878052635
224,0.25065760081772526,2.5616320503105525
225,0.25065760081772526,2.774514612815842
226,0.25065760081772526,2.987397175321131
227,0.25065760081772526,3.20027973782642
228,0.25065760081772526,3.4131623003317095
229,0.25065760081772526,3.626044862836999
230,0.25065760081772526,3.838927425342288
231,0.25065760081772526,4.0518099878475775
232,0.25065760081772526,4.2646925503528665
233,0.25065760081772526,4.477575112858156
234,0.25065760081772526,4.690457675363445
235,0.25065760081772526,4.9033402378687345
236,0.25065760081772526,5.1162228003740235
237,0.25065760081772526,5.329105362879313
238,0.25065760081772526,5.541987925384602
239,0.25065760081772526,5.754870487889891
240,0.39254552928954045,-0.41872382476349596
241,0.39254552928954045,-0.20584126225820676
242,0.39254552928954045,0.007041300247082438
243,0.39254552928954045,0.21992386275237158
244,0.39254552928954045,0.43280642525766083
245,0.39254552928954045,0.6456889877629501
246,0.39254552928954045,0.8585715502682392
247,0.39254552928954045,1.0714541127735284
248,0.39254552928954045,1.2843366752788177
249,0.39254552928954045,1.497219237784107
250,0.39254552928954045,1.7101018002893962
251,0.39254552928954045,1.9229843627946852
252,0.39254552928954045,2.135866925299974
253,0.39254552928954045,2.3487494878052635
254,0.39254552928954045,2.5616320503105525
255,0.39254552928954045,2.774514612815842
256,0.39254552928954045,2.987397175321131
257,0.39254552928954045,3.20027973782642
258,0.39254552928954045,3.4131623003317095
259,0.39254552928954045,3.626044862836999
260,0.39254552928954045,3.838927425342288
261,0.39254552928954045,4.0518099878475775
262,0.39254552928954045,4.2646925503528665
263,0.39254552928954045,4.477575112858156
264,0.39254552928954045,4.690457675363445
265,0.39254552928954045,4.9033402378687345
266,0.39254552928954045,5.1162228003740235
267,0.39254552928954045,5.329105362879313
268,0.39254552928954045,5.541987925384602
269,0.39254552928954045,5.754870487889891
270,0.5344334577613558,-0.41872382476349596
271,0.5344334577613558,-0.20584126225820676
272,0.5344334577613558,0.007041300247082438
273,0.5344334577613558,0.21992386275237158
274,0.5344334577613558,0.43280642525766083
275,0.5344334577613558,0.6456889877629501
276,0.5344334577613558,0.8585715502682392
277,0.5344334577613558,1.0714541127735284
278,0.5344334577613558,1.2843366752788177
279,0.5344334577613558,1.497219237784107
280,0.5344334577613558,1.7101018002893962
281,0.5344334577613558,1.9229843627946852
282,0.5344334577613558,2.135866925299974
283,0.5344334577613558,2.3487494878052635
284,0.5344334577613558,2.5616320503105525
285,0.5344334577613558,2.774514612815842
286,0.5344334577613558,2.987397175321131
287,0.5344334577613558,3.20027973782642
288,0.5344334577613558,3.4131623003317095
289,0.5344334577613558,3.626044862836999
290,0.5344334577613558,3.838927425342288
291,0.5344334577613558,4.0518099878475775
292,0.5344334577613558,4.2646925503528665
293,0.5344334577613558,4.477575112858156
294,0.5344334577613558,4.690457675363445
295,0.5344334577613558,4.9033402378687345
296,0.5344334577613558,5.1162228003740235
297,0.5344334577613558,5.329105362879313
298,0.5344334577613558,5.541987925384602
299,0.5344334577613558,5.754870487889891
300,0.6763213862331708,-0.41872382476349596
301,0.6763213862331708,-0.20584126225820676
302,0.6763213862331708,0.007041300247082438
303,0.6763213862331708,0.21992386275237158
304,0.6763213862331708,0.43280642525766083
305,0.6763213862331708,0.6456889877629501
306,0.6763213862331708,0.8585715502682392
307,0.6763213862331708,1.0714541127735284
308,0.6763213862331708,1.2843366752788177
309,0.6763213862331708,1.497219237784107
310,0.6763213862331708,1.7101018002893962
311,0.6763213862331708,1.9229843627946852
312,0.6763213862331708,2.135866925299974
313,0.6763213862331708,2.3487494878052635
314,0.6763213862331708,2.5616320503105525
315,0.6763213862331708,2.774514612815842
316,0.6763213862331708,2.987397175321131
317,0.6763213862331708,3.20027973782642
318,0.6763213862331708,3.4131623003317095
319,0.6763213862331708,3.626044862836999
320,0.6763213862331708,3.838927425342288
321,0.6763213862331708,4.0518099878475775
322,0.6763213862331708,4.2646925503528665
323,0.6763213862331708,4.477575112858156
324,0.6763213862331708,4.690457675363445
325,0.6763213862331708,4.9033402378687345
326,0.6763213862331708,5.1162228003740235
327,0.6763213862331708,5.329105362879313
328,0.6763213862331708,5.541987925384602
329,0.6763213862331708,5.754870487889891
330,0.8182093147049861,-0.41872382476349596
331,0.8182093147049861,-0.20584126225820676
332,0.8182093147049861,0.007041300247082438
333,0.8182093147049861,0.21992386275237158
334,0.8182093147049861,0.43280642525766083
335,0.8182093147049861,0.6456889877629501
336,0.8182093147049861,0.8585715502682392
337,0.8182093147049861,1.0714541127735284
338,0.8182093147049861,1.2843366752788177
339,0.8182093147049861,1.497219237784107
340,0.8182093147049861,1.7101018002893962
341,0.8182093147049861,1.9229843627946852
342,0.8182093147049861,2.135866925299974
343,0.8182093147049861,2.3487494878052635
344,0.8182093147049861,2.5616320503105525
345,0.8182093147049861,2.774514612815842
346,0.8182093147049861,2.987397175321131
347,0.8182093147049861,3.20027973782642
348,0.8182093147049861,3.4131623003317095
349,0.8182093147049861,3.626044862836999
350,0.8182093147049861,3.838927425342288
351,0.8182093147049861,4.0518099878475775
352,0.8182093147049861,4.2646925503528665
353,0.8182093147049861,4.477575112858156
354,0.8182093147049861,4.690457675363445
355,0.8182093147049861,4.9033402378687345
356,0.8182093147049861,5.1162228003740235
357,0.8182093147049861,5.329105362879313
358,0.8182093147049861,5.541987925384602
359,0.8182093147049861,5.754870487889891
360,0.9600972431768015,-0.41872382476349596
361,0.9600972431768015,-0.20584126225820676
362,0.9600972431768015,0.007041300247082438
363,0.9600972431768015,0.21992386275237158
364,0.9600972431768015,0.43280642525766083
365,0.9600972431768015,0.6456889877629501
366,0.9600972431768015,0.8585715502682392
367,0.9600972431768015,1.0714541127735284
368,0.9600972431768015,1.2843366752788177
369,0.9600972431768015,1.497219237784107
370,0.9600972431768015,1.7101018002893962
371,0.9600972431768015,1.9229843627946852
372,0.9600972431768015,2.135866925299974
373,0.9600972431768015,2.3487494878052635
374,0.9600972431768015,2.5616320503105525
375,0.9600972431768015,2.774514612815842
376,0.9600972431768015,2.987397175321131
377,0.9600972431768015,3.20027973782642
378,0.9600972431768015,3.4131623003317095
379,0.9600972431768015,3.626044862836999
380,0.9600972431768015,3.838927425342288
381,0.9600972431768015,4.0518099878475775
382,0.9600972431768015,4.2646925503528665
383,0.9600972431768015,4.477575112858156
384,0.9600972431768015,4.690457675363445
385,0.9600972431768015,4.9033402378687345
386,0.9600972431768015,5.1162228003740235
387,0.9600972431768015,5.329105362879313
388,0.9600972431768015,5.541987925384602
389,0.9600972431768015,5.754870487889891
390,1.1019851716486166,-0.41872382476349596
391,1.1019851716486166,-0.20584126225820676
392,1.1019851716486166,0.007041300247082438
393,1.1019851716486166,0.21992386275237158
394,1.1019851716486166,0.43280642525766083
395,1.1019851716486166,0.6456889877629501
396,1.1019851716486166,0.8585715502682392
397,1.1019851716486166,1.0714541127735284
398,1.1019851716486166,1.2843366752788177
399,1.1019851716486166,1.497219237784107
400,1.1019851716486166,1.7101018002893962
401,1.1019851716486166,1.9229843627946852
402,1.1019851716486166,2.135866925299974
403,1.1019851716486166,2.3487494878052635
404,1.1019851716486166,2.5616320503105525
405,1.1019851716486166,2.774514612815842
406,1.1019851716486166,2.987397175321131
407,1.1019851716486166,3.20027973782642
408,1.1019851716486166,3.4131623003317095
409,1.1019851716486166,3.626044862836999
410,1.1019851716486166,3.838927425342288
411,1.1019851716486166,4.0518099878475775
412,1.1019851716486166,4.2646925503528665
413,1.1019851716486166,4.477575112858156
414,1.1019851716486166,4.690457675363445
415,1.1019851716486166,4.9033402378687345
416,1.1019851716486166,5.1162228003740235
417,1.1019851716486166,5.329105362879313
418,1.1019851716486166,5.541987925384602
419,1.1019851716486166,5.754870487889891
420,1.2438731001204317,-0.41872382476349596
421,1.2438731001204317,-0.20584126225820676
422,1.2438731001204317,0.007041300247082438
423,1.2438731001204317,0.21992386275237158
424,1.2438731001204317,0.43280642525766083
425,1.2438731001204317,0.6456889877629501
426,1.2438731001204317,0.8585715502682392
427,1.2438731001204317,1.0714541127735284
428,1.2438731001204317,1.2843366752788177
429,1.2438731001204317,1.497219237784107
430,1.2438731001204317,1.7101018002893962
431,1.2438731001204317,1.9229843627946852
432,1.2438731001204317,2.135866925299974
433,1.2438731001204317,2.3487494878052635
434,1.2438731001204317,2.5616320503105525
435,1.2438731001204317,2.774514612815842
436,1.2438731001204317,2.987397175321131
437,1.2438731001204317,3.20027973782642
438,1.2438731001204317,3.4131623003317095
439,1.2438731001204317,3.626044862836999
440,1.2438731001204317,3.838927425342288
441,1.2438731001204317,4.0518099878475775
442,1.2438731001204317,4.2646925503528665
443,1.2438731001204317,4.477575112858156
444,1.2438731001204317,4.690457675363445
445,1.2438731001204317,4.9033402378687345
446,1.2438731001204317,5.1162228003740235
447,1.2438731001204317,5.329105362879313
448,1.2438731001204317,5.541987925384602
449,1.2438731001204317,5.754870487889891
450,1.3857610285922473,-0.41872382476349596
451,1.3857610285922473,-0.20584126225820676
452,1.3857610285922473,0.007041300247082438
453,1.3857610285922473,0.21992386275237158
454,1.3857610285922473,0.43280642525766083
455,1.3857610285922473,0.6456889877629501
456,1.3857610285922473,0.8585715502682392
457,1.3857610285922473,1.0714541127735284
458,1.3857610285922473,1.2843366752788177
459,1.3857610285922473,1.497219237784107
460,1.3857610285922473,1.7101018002893962
461,1.3857610285922473,1.9229843627946852
462,1.3857610285922473,2.135866925299974
463,1.3857610285922473,2.3487494878052635
464,1.3857610285922473,2.5616320503105525
465,1.3857610285922473,2.774514612815842
466,1.3857610285922473,2.987397175321131
467,1.3857610285922473,3.20027973782642
468,1.3857610285922473,3.4131623003317095
469,1.3857610285922473,3.626044862836999
470,1.3857610285922473,3.838927425342288
471,1.3857610285922473,4.0518099878475775
472,1.3857610285922473,4.2646925503528665
473,1.3857610285922473,4.477575112858156
474,1.3857610285922473,4.690457675363445
475,1.3857610285922473,4.9033402378687345
476,1.3857610285922473,5.1162228003740235
477,1.3857610285922473,5.329105362879313
478,1.3857610285922473,5.541987925384602
479,1.3857610285922473,5.754870487889891
480,1.5276489570640623,-0.41872382476349596
481,1.5276489570640623,-0.20584126225820676
482,1.5276489570640623,0.007041300247082438
483,1.5276489570640623,0.21992386275237158
484,1.5276489570640623,0.43280642525766083
485,1.5276489570640623,0.6456889877629501
486,1.5276489570640623,0.8585715502682392
487,1.5276489570640623,1.0714541127735284
488,1.5276489570640623,1.2843366752788177
489,1.5276489570640623,1.497219237784107
490,1.5276489570640623,1.7101018002893962
491,1.5276489570640623,1.9229843627946852
492,1.5276489570640623,2.135866925299974
493,1.5276489570640623,2.3487494878052635
494,1.5276489570640623,2.5616320503105525
495,1.5276489570640623,2.774514612815842
496,1.5276489570640623,2.987397175321131
497,1.5276489570640623,3.20027973782642
498,1.5276489570640623,3.4131623003317095
499,1.5276489570640623,3.626044862836999
500,1.5276489570640623,3.838927425342288
501,1.5276489570640623,4.0518099878475775
502,1.5276489570640623,4.2646925503528665
503,1.5276489570640623,4.477575112858156
504,1.5276489570640623,4.690457675363445
505,1.5276489570640623,4.9033402378687345
506,1.5276489570640623,5.1162228003740235
507,1.5276489570640623,5.329105362879313
508,1.5276489570640623,5.541987925384602
509,1.5276489570640623,5.754870487889891
510,1.6695368855358774,-0.41872382476349596
511,1.6695368855358774,-0.20584126225820676
512,1.6695368855358774,0.007041300247082438
513,1.6695368855358774,0.21992386275237158
514,1.6695368855358774,0.43280642525766083
515,1.6695368855358774,0.6456889877629501
516,1.6695368855358774,0.8585715502682392
517,1.6695368855358774,1.0714541127735284
518,1.6695368855358774,1.2843366752788177
519,1.6695368855358774,1.497219237784107
520,1.6695368855358774,1.7101018002893962
521,1.6695368855358774,1.9229843627946852
522,1.6695368855358774,2.135866925299974
523,1.6695368855358774,2.3487494878052635
524,1.6695368855358774,2.5616320503105525
525,1.6695368855358774,2.774514612815842
526,1.6695368855358774,2.987397175321131
527,1.6695368855358774,3.20027973782642
528,1.6695368855358774,3.4131623003317095
529,1.6695368855358774,3.626044862836999
530,1.6695368855358774,3.838927425342288
531,1.6695368855358774,4.0518099878475775
532,1.6695368855358774,4.2646925503528665
533,1.6695368855358774,4.477575112858156
534,1.6695368855358774,4.690457675363445
535,1.6695368855358774,4.9033402378687345
536,1.6695368855358774,5.1162228003740235
537,1.6695368855358774,5.329105362879313
538,1.6695368855358774,5.541987925384602
539,1.6695368855358774,5.754870487889891
540,1.811424814007693,-0.41872382476349596
541,1.811424814007693,-0.20584126225820676
542,1.811424814007693,0.007041300247082438
543,1.811424814007693,0.21992386275237158
544,1.811424814007693,0.43280642525766083
545,1.811424814007693,0.6456889877629501
546,1.811424814007693,0.8585715502682392
547,1.811424814007693,1.0714541127735284
548,1.811424814007693,1.2843366752788177
549,1.811424814007693,1.497219237784107
550,1.811424814007693,1.7101018002893962
551,1.811424814007693,1.9229843627946852
552,1.811424814007693,2.135866925299974
553,1.811424814007693,2.3487494878052635
554,1.811424814007693,2.5616320503105525
555,1.811424814007693,2.774514612815842
556,1.811424814007693,2.987397175321131
557,1.811424814007693,3.20027973782642
558,1.811424814007693,3.4131623003317095
559,1.811424814007693,3.626044862836999
560,1.811424814007693,3.838927425342288
561,1.811424814007693,4.0518099878475775
562,1.811424814007693,4.2646925503528665
563,1.811424814007693,4.477575112858156
564,1.811424814007693,4.690457675363445
565,1.811424814007693,4.9033402378687345
566,1.811424814007693,5.1162228003740235
567,1.811424814007693,5.329105362879313
568,1.811424814007693,5.541987925384602
569,1.811424814007693,5.754870487889891
570,1.953312742479508,-0.41872382476349596
571,1.953312742479508,-0.20584126225820676
572,1.953312742479508,0.007041300247082438
573,1.953312742479508,0.21992386275237158
574,1.953312742479508,0.43280642525766083
575,1.953312742479508,0.6456889877629501
576,1.953312742479508,0.8585715502682392
577,1.953312742479508,1.0714541127735284
578,1.953312742479508,1.2843366752788177
579,1.953312742479508,1.497219237784107
580,1.953312742479508,1.7101018002893962
581,1.953312742479508,1.9229843627946852
582,1.953312742479508,2.135866925299974
583,1.953312742479508,2.3487494878052635
584,1.953312742479508,2.5616320503105525
585,1.953312742479508,2.774514612815842
586,1.953312742479508,2.987397175321131
587,1.953312742479508,3.20027973782642
588,1.953312742479508,3.4131623003317095
589,1.953312742479508,3.626044862836999
590,1.953312742479508,3.838927425342288
591,1.953312742479508,4.0518099878475775
592,1.953312742479508,4.2646925503528665
593,1.953312742479508,4.477575112858156
594,1.953312742479508,4.690457675363445
595,1.953312742479508,4.9033402378687345
596,1.953312742479508,5.1162228003740235
597,1.953312742479508,5.329105362879313
598,1.953312742479508,5.541987925384602
599,1.953312742479508,5.754870487889891
600,2.095200670951323,-0.41872382476349596
601,2.095200670951323,-0.20584126225820676
602,2.095200670951323,0.007041300247082438
603,2.095200670951323,0.21992386275237158
604,2.095200670951323,0.43280642525766083
605,2.095200670951323,0.6456889877629501
606,2.095200670951323,0.8585715502682392
607,2.095200670951323,1.0714541127735284
608,2.095200670951323,1.2843366752788177
609,2.095200670951323,1.497219237784107
610,2.095200670951323,1.7101018002893962
611,2.095200670951323,1.9229843627946852
612,2.095200670951323,2.135866925299974
613,2.095200670951323,2.3487494878052635
614,2.095200670951323,2.5616320503105525
615,2.095200670951323,2.774514612815842
616,2.095200670951323,2.987397175321131
617,2.095200670951323,3.20027973782642
618,2.095200670951323,3.4131623003317095
619,2.095200670951323,3.626044862836999
620,2.095200670951323,3.838927425342288
621,2.095200670951323,4.0518099878475775
622,2.095200670951323,4.2646925503528665
623,2.095200670951323,4.477575112858156
624,2.095200670951323,4.690457675363445
625,2.095200670951323,4.9033402378687345
626,2.095200670951323,5.1162228003740235
627,2.095200670951323,5.329105362879313
628,2.095200670951323,5.541987925384602
629,2.095200670951323,5.754870487889891
630,2.2370885994231386,-0.41872382476349596
631,2.2370885994231386,-0.20584126225820676
632,2.2370885994231386,0.007041300247082438
633,2.2370885994231386,0.21992386275237158
634,2.2370885994231386,0.43280642525766083
635,2.2370885994231386,0.6456889877629501
636,2.2370885994231386,0.8585715502682392
637,2.2370885994231386,1.0714541127735284
638,2.2370885994231386,1.2843366752788177
639,2.2370885994231386,1.497219237784107
640,2.2370885994231386,1.7101018002893962
641,2.2370885994231386,1.9229843627946852
642,2.2370885994231386,2.135866925299974
643,2.2370885994231386,2.3487494878052635
644,2.2370885994231386,2.5616320503105525
645,2.2370885994231386,2.774514612815842
646,2.2370885994231386,2.987397175321131
647,2.2370885994231386,3.20027973782642
648,2.2370885994231386,3.4131623003317095
649,2.2370885994231386,3.626044862836999
650,2.2370885994231386,3.838927425342288
651,2.2370885994231386,4.0518099878475775
652,2.2370885994231386,4.2646925503528665
653,2.2370885994231386,4.477575112858156
654,2.2370885994231386,4.690457675363445
655,2.2370885994231386,4.9033402378687345
656,2.2370885994231386,5.1162228003740235
657,2.2370885994231386,5.329105362879313
658,2.2370885994231386,5.541987925384602
659,2.2370885994231386,5.754870487889891
660,2.3789765278949537,-0.41872382476349596
661,2.3789765278949537,-0.20584126225820676
662,2.3789765278949537,0.007041300247082438
663,2.3789765278949537,0.21992386275237158
664,2.3789765278949537,0.43280642525766083
665,2.3789765278949537,0.6456889877629501
666,2.3789765278949537,0.8585715502682392
667,2.3789765278949537,1.0714541127735284
668,2.3789765278949537,1.2843366752788177
669,2.3789765278949537,1.497219237784107
670,2.3789765278949537,1.7101018002893962
671,2.3789765278949537,1.9229843627946852
672,2.3789765278949537,2.135866925299974
673,2.3789765278949537,2.3487494878052635
674,2.3789765278949537,2.5616320503105525
675,2.3789765278949537,2.774514612815842
676,2.3789765278949537,2.987397175321131
677,2.3789765278949537,3.20027973782642
678,2.3789765278949537,3.4131623003317095
679,2.3789765278949537,3.626044862836999
680,2.3789765278949537,3.838927425342288
681,2.3789765278949537,4.0518099878475775
682,2.3789765278949537,4.2646925503528665
683,2.3789765278949537,4.477575112858156
684,2.3789765278949537,4.690457675363445
685,2.3789765278949537,4.9033402378687345
686,2.3789765278949537,5.1162228003740235
687,2.3789765278949537,5.329105362879313
688,2.3789765278949537,5.541987925384602
689,2.3789765278949537,5.754870487889891
690,2.520864456366769,-0.41872382476349596
691,2.520864456366769,-0.20584126225820676
692,2.520864456366769,0.007041300247082438
693,2.520864456366769,0.21992386275237158
694,2.520864456366769,0.43280642525766083
695,2.520864456366769,0.6456889877629501
696,2.520864456366769,0.8585715502682392
697,2.520864456366769,1.0714541127735284
698,2.520864456366769,1.2843366752788177
699,2.520864456366769,1.497219237784107
700,2.520864456366769,1.7101018002893962
701,2.520864456366769,1.9229843627946852
702,2.520864456366769,2.135866925299974
703,2.520864456366769,2.3487494878052635
704,2.520864456366769,2.5616320503105525
705,2.520864456366769,2.774514612815842
706,2.520864456366769,2.987397175321131
707,2.520864456366769,3.20027973782642
708,2.520864456366769,3.4131623003317095
709,2.520864456366769,3.626044862836999
710,2.520864456366769,3.838927425342288
711,2.520864456366769,4.0518099878475775
712,2.520864456366769,4.2646925503528665
713,2.520864456366769,4.477575112858156
714,2.520864456366769,4.690457675363445
715,2.520864456366769,4.9033402378687345
716,2.520864456366769,5.1162228003740235
717,2.520864456366769,5.329105362879313
718,2.520864456366769,5.541987925384602
719,2.520864456366769,5.754870487889891
720,2.6627523848385843,-0.41872382476349596
721,2.6627523848385843,-0.20584126225820676
722,2.6627523848385843,0.007041300247082438
723,2.6627523848385843,0.21992386275237158
724,2.6627523848385843,0.43280642525766083
725,2.6627523848385843,0.6456889877629501
726,2.6627523848385843,0.8585715502682392
727,2.6627523848385843,1.0714541127735284
728,2.6627523848385843,1.2843366752788177
729,2.6627523848385843,1.497219237784107
730,2.6627523848385843,1.7101018002893962
731,2.6627523848385843,1.9229843627946852
732,2.6627523848385843,2.135866925299974
733,2.6627523848385843,2.3487494878052635
734,2.6627523848385843,2.5616320503105525
735,2.6627523848385843,2.774514612815842
736,2.6627523848385843,2.987397175321131
737,2.6627523848385843,3.20027973782642
738,2.6627523848385843,3.4131623003317095
739,2.6627523848385843,3.626044862836999
740,2.6627523848385843,3.838927425342288
741,2.6627523848385843,4.0518099878475775
742,2.6627523848385843,4.2646925503528665
743,2.6627523848385843,4.477575112858156
744,2.6627523848385843,4.690457675363445
745,2.6627523848385843,4.9033402378687345
746,2.6627523848385843,5.1162228003740235
747,2.6627523848385843,5.329105362879313
748,2.6627523848385843,5.541987925384602
749,2.6627523848385843,5.754870487889891
750,2.8046403133103994,-0.41872382476349596
751,2.8046403133103994,-0.20584126225820676
752,2.8046403133103994,0.007041300247082438
753,2.8046403133103994,0.21992386275237158
754,2.8046403133103994,0.43280642525766083
755,2.8046403133103994,0.6456889877629501
756,2.8046403133103994,0.8585715502682392
757,2.8046403133103994,1.0714541127735284
758,2.8046403133103994,1.2843366752788177
759,2.8046403133103994,1.497219237784107
760,2.8046403133103994,1.7101018002893962
761,2.8046403133103994,1.9229843627946852
762,2.8046403133103994,2.135866925299974
763,2.8046403133103994,2.3487494878052635
764,2.8046403133103994,2.5616320503105525
765,2.8046403133103994,2.774514612815842
766,2.8046403133103994,2.987397175321131
767,2.8046403133103994,3.20027973782642
768,2.8046403133103994,3.4131623003317095
769,2.8046403133103994,3.626044862836999
770,2.8046403133103994,3.838927425342288
771,2.8046403133103994,4.0518099878475775
772,2.8046403133103994,4.2646925503528665
773,2.8046403133103994,4.477575112858156
774,2.8046403133103994,4.690457675363445
775,2.8046403133103994,4.9033402378687345
776,2.8046403133103994,5.1162228003740235
777,2.8046403133103994,5.329105362879313
778,2.8046403133103994,5.541987925384602
779,2.8046403133103994,5.754870487889891
780,2.9465282417822145,-0.41872382476349596
781,2.9465282417822145,-0.20584126225820676
782,2.9465282417822145,0.007041300247082438
783,2.9465282417822145,0.21992386275237158
784,2.9465282417822145,0.43280642525766083
785,2.9465282417822145,0.6456889877629501
786,2.9465282417822145,0.8585715502682392
787,2.9465282417822145,1.0714541127735284
788,2.9465282417822145,1.2843366752788177
789,2.9465282417822145,1.497219237784107
790,2.9465282417822145,1.7101018002893962
791,2.9465282417822145,1.9229843627946852
792,2.9465282417822145,2.135866925299974
793,2.9465282417822145,2.3487494878052635
794,2.9465282417822145,2.5616320503105525
795,2.9465282417822145,2.774514612815842
796,2.9465282417822145,2.987397175321131
797,2.9465282417822145,3.20027973782642
798,2.9465282417822145,3.4131623003317095
799,2.9465282417822145,3.626044862836999
800,2.9465282417822145,3.838927425342288
801,2.9465282417822145,4.0518099878475775
802,2.9465282417822145,4.2646925503528665
803,2.9465282417822145,4.477575112858156
804,2.9465282417822145,4.690457675363445
805,2.9465282417822145,4.9033402378687345
806,2.9465282417822145,5.1162228003740235
807,2.9465282417822145,5.329105362879313
808,2.9465282417822145,5.541987925384602
809,2.9465282417822145,5.754870487889891
810,3.0884161702540296,-0.41872382476349596
811,3.0884161702540296,-0.20584126225820676
812,3.0884161702540296,0.007041300247082438
813,3.0884161702540296,0.21992386275237158
814,3.0884161702540296,0.43280642525766083
815,3.0884161702540296,0.6456889877629501
816,3.0884161702540296,0.8585715502682392
817,3.0884161702540296,1.0714541127735284
818,3.0884161702540296,1.2843366752788177
819,3.0884161702540296,1.497219237784107
820,3.0884161702540296,1.7101018002893962
821,3.0884161702540296,1.9229843627946852
822,3.0884161702540296,2.135866925299974
823,3.0884161702540296,2.3487494878052635
824,3.0884161702540296,2.5616320503105525
825,3.0884161702540296,2.774514612815842
826,3.0884161702540296,2.987397175321131
827,3.0884161702540296,3.20027973782642
828,3.0884161702540296,3.4131623003317095
829,3.0884161702540296,3.626044862836999
830,3.0884161702540296,3.838927425342288
831,3.0884161702540296,4.0518099878475775
832,3.0884161702540296,4.2646925503528665
833,3.0884161702540296,4.477575112858156
834,3.0884161702540296,4.690457675363445
835,3.0884161702540296,4.9033402378687345
836,3.0884161702540296,5.1162228003740235
837,3.0884161702540296,5.329105362879313
838,3.0884161702540296,5.541987925384602
839,3.0884161702540296,5.754870487889891
840,3.230304098725845,-0.41872382476349596
841,3.230304098725845,-0.20584126225820676
842,3.230304098725845,0.007041300247082438
843,3.230304098725845,0.21992386275237158
844,3.230304098725845,0.43280642525766083
845,3.230304098725845,0.6456889877629501
846,3.230304098725845,0.8585715502682392
847,3.230304098725845,1.0714541127735284
848,3.230304098725845,1.2843366752788177
849,3.230304098725845,1.497219237784107
850,3.230304098725845,1.7101018002893962
851,3.230304098725845,1.9229843627946852
852,3.230304098725845,2.135866925299974
853,3.230304098725845,2.3487494878052635
854,3.230304098725845,2.5616320503105525
855,3.230304098725845,2.774514612815842
856,3.230304098725845,2.987397175321131
857,3.230304098725845,3.20027973782642
858,3.230304098725845,3.4131623003317095
859,3.230304098725845,3.626044862836999
860,3.230304098725845,3.838927425342288
861,3.230304098725845,4.0518099878475775
862,3.230304098725845,4.2646925503528665
863,3.230304098725845,4.477575112858156
864,3.230304098725845,4.690457675363445
865,3.230304098725845,4.9033402378687345
866,3.230304098725845,5.1162228003740235
867,3.230304098725845,5.329105362879313
868,3.230304098725845,5.541987925384602
869,3.230304098725845,5.754870487889891
870,3.3721920271976598,-0.41872382476349596
871,3.3721920271976598,-0.20584126225820676
872,3.3721920271976598,0.007041300247082438
873,3.3721920271976598,0.21992386275237158
874,3.3721920271976598,0.43280642525766083
875,3.3721920271976598,0.6456889877629501
876,3.3721920271976598,0.8585715502682392
877,3.3721920271976598,1.0714541127735284
878,3.3721920271976598,1.2843366752788177
879,3.3721920271976598,1.497219237784107
880,3.3721920271976598,1.7101018002893962
881,3.3721920271976598,1.9229843627946852
882,3.3721920271976598,2.135866925299974
883,3.3721920271976598,2.3487494878052635
884,3.3721920271976598,2.5616320503105525
885,3.3721920271976598,2.774514612815842
886,3.3721920271976598,2.987397175321131
887,3.3721920271976598,3.20027973782642
888,3.3721920271976598,3.4131623003317095
889,3.3721920271976598,3.626044862836999
890,3.3721920271976598,3.838927425342288
891,3.3721920271976598,4.0518099878475775
892,3.3721920271976598,4.2646925503528665
893,3.3721920271976598,4.477575112858156
894,3.3721920271976598,4.690457675363445
895,3.3721920271976598,4.9033402378687345
896,3.3721920271976598,5.1162228003740235
897,3.3721920271976598,5.329105362879313
898,3.3721920271976598,5.541987925384602
899,3.3721920271976598,5.754870487889891
